ISO-10303-21;
HEADER;
/* Generated by software containing ST-Developer
 * from STEP Tools, Inc. (www.steptools.com) 
 */
/* OPTION: using custom renumber hook */

FILE_DESCRIPTION(
/* description */ ('STEP AP242',
'CAx-IF Rec.Pracs.---Representation and Presentation of Product Manufa
cturing Information (PMI)---4.0---2014-10-13',
'CAx-IF Rec.Pracs.---3D Tessellated Geometry---0.4---2014-09-14','2;1'),

/* implementation_level */ '2;1');

FILE_NAME(
/* name */ '6887adf18d80a8451db5bd67',
/* time_stamp */ '2025-07-28T17:05:54Z',
/* author */ (''),
/* organization */ (''),
/* preprocessor_version */ 'ST-DEVELOPER v20',
/* originating_system */ 'ONSHAPE BY PTC INC, 1.201',
/* authorisation */ '  ');

FILE_SCHEMA (('AP242_MANAGED_MODEL_BASED_3D_ENGINEERING_MIM_LF { 1 0 10303 442 1 1 4 }'));
ENDSEC;

DATA;
#10=SHAPE_REPRESENTATION_RELATIONSHIP('','',#2284,#11);
#11=ADVANCED_BREP_SHAPE_REPRESENTATION('',(#2282),#3979);
#12=(
BOUNDED_SURFACE()
B_SPLINE_SURFACE(3,2,((#3919,#3920,#3921),(#3922,#3923,#3924),(#3925,#3926,
#3927),(#3928,#3929,#3930),(#3931,#3932,#3933),(#3934,#3935,#3936)),
 .UNSPECIFIED.,.F.,.F.,.F.)
B_SPLINE_SURFACE_WITH_KNOTS((4,1,1,4),(3,3),(-2.41777084464267E-17,0.00117065619471623,
0.00234131238943248,0.00468262477886499),(0.,1.),.UNSPECIFIED.)
GEOMETRIC_REPRESENTATION_ITEM()
RATIONAL_B_SPLINE_SURFACE(((1.,0.707106781186549,1.),(1.,0.737632318207944,
1.),(1.,0.817363164546878,1.),(1.,0.955797316352497,1.),(1.,0.999999999996534,
1.),(1.,1.,1.)))
REPRESENTATION_ITEM('')
SURFACE()
);
#13=(
BOUNDED_SURFACE()
B_SPLINE_SURFACE(3,2,((#3940,#3941,#3942),(#3943,#3944,#3945),(#3946,#3947,
#3948),(#3949,#3950,#3951),(#3952,#3953,#3954)),.UNSPECIFIED.,.F.,.F.,.F.)
B_SPLINE_SURFACE_WITH_KNOTS((4,1,4),(3,3),(-1.28586377656781E-16,0.0018036367267726,
0.00360727345354533),(0.,1.),.UNSPECIFIED.)
GEOMETRIC_REPRESENTATION_ITEM()
RATIONAL_B_SPLINE_SURFACE(((1.,0.70710678118656,1.),(1.,0.759977646403396,
1.),(1.,0.880837962886894,1.),(1.,0.931669365891397,1.),(1.,0.931669368030629,
1.)))
REPRESENTATION_ITEM('')
SURFACE()
);
#14=(
BOUNDED_SURFACE()
B_SPLINE_SURFACE(3,2,((#3959,#3960,#3961),(#3962,#3963,#3964),(#3965,#3966,
#3967),(#3968,#3969,#3970),(#3971,#3972,#3973)),.UNSPECIFIED.,.F.,.F.,.F.)
B_SPLINE_SURFACE_WITH_KNOTS((4,1,4),(3,3),(-2.27682456221956E-17,0.00312666212439783,
0.00625332424879569),(0.,1.),.UNSPECIFIED.)
GEOMETRIC_REPRESENTATION_ITEM()
RATIONAL_B_SPLINE_SURFACE(((1.,0.667237198792195,1.),(1.,0.667237199025493,
1.),(1.,0.687723031740373,1.),(1.,0.707106781042109,1.),(1.,0.707106781186547,
1.)))
REPRESENTATION_ITEM('')
SURFACE()
);
#15=TOROIDAL_SURFACE('',#2496,0.02,0.003);
#16=TOROIDAL_SURFACE('',#2498,0.0301531680704793,0.003);
#17=TOROIDAL_SURFACE('',#2500,0.00695,0.003);
#18=TOROIDAL_SURFACE('',#2502,0.0301531680704793,0.003);
#19=TOROIDAL_SURFACE('',#2504,0.025,0.003);
#20=TOROIDAL_SURFACE('',#2506,0.016,0.003);
#21=TOROIDAL_SURFACE('',#2546,0.004,0.001);
#22=TOROIDAL_SURFACE('',#2553,0.004,0.001);
#23=ELLIPSE('',#2462,0.0014142135623731,0.001);
#24=ELLIPSE('',#2516,0.00141421356237309,0.001);
#25=ELLIPSE('',#2517,0.00141421356237309,0.001);
#26=ELLIPSE('',#2525,0.00141421356237309,0.001);
#27=ELLIPSE('',#2527,0.00141421356237309,0.001);
#28=CONICAL_SURFACE('',#2440,0.00295,0.78539816339745);
#29=CONICAL_SURFACE('',#2441,0.00295,0.785398163397452);
#30=CONICAL_SURFACE('',#2442,0.00295,0.78539816339745);
#31=CONICAL_SURFACE('',#2443,0.00295,0.785398163397452);
#32=CONICAL_SURFACE('',#2444,0.00255,0.785398163397448);
#33=CONICAL_SURFACE('',#2445,0.00255,0.785398163397448);
#34=CONICAL_SURFACE('',#2446,0.00255,0.785398163397448);
#35=CONICAL_SURFACE('',#2447,0.00255,0.785398163397448);
#36=CONICAL_SURFACE('',#2448,0.00355,0.785398163397434);
#37=CONICAL_SURFACE('',#2449,0.00355,0.785398163397434);
#38=CONICAL_SURFACE('',#2450,0.00355,0.785398163397434);
#39=CONICAL_SURFACE('',#2451,0.00355,0.785398163397435);
#40=CONICAL_SURFACE('',#2452,0.00355,0.785398163397435);
#41=CONICAL_SURFACE('',#2453,0.00355,0.785398163397434);
#42=CONICAL_SURFACE('',#2454,0.00315,0.785398163397434);
#43=CONICAL_SURFACE('',#2455,0.00315,0.785398163397434);
#44=CONICAL_SURFACE('',#2456,0.00315,0.785398163397434);
#45=CONICAL_SURFACE('',#2457,0.00315,0.785398163397435);
#46=CONICAL_SURFACE('',#2458,0.00315,0.785398163397435);
#47=CONICAL_SURFACE('',#2459,0.00315,0.785398163397434);
#48=CONICAL_SURFACE('',#2460,0.0371,0.785398163397444);
#49=CONICAL_SURFACE('',#2464,0.0046,0.785398163397448);
#50=CONICAL_SURFACE('',#2465,0.0046,0.785398163397448);
#51=CONICAL_SURFACE('',#2467,0.0375,0.785398163397444);
#52=CONICAL_SURFACE('',#2470,0.0046,0.785398163397448);
#53=CONICAL_SURFACE('',#2471,0.0046,0.785398163397448);
#54=B_SPLINE_CURVE_WITH_KNOTS('',3,(#3509,#3510,#3511,#3512,#3513),
 .UNSPECIFIED.,.F.,.F.,(4,1,4),(0.,0.00319514700560516,0.00639029401121032),
 .UNSPECIFIED.);
#55=B_SPLINE_CURVE_WITH_KNOTS('',3,(#3702,#3703,#3704,#3705),
 .UNSPECIFIED.,.F.,.F.,(4,4),(0.,0.00103347401318058),.UNSPECIFIED.);
#56=B_SPLINE_CURVE_WITH_KNOTS('',3,(#3775,#3776,#3777,#3778,#3779),
 .UNSPECIFIED.,.F.,.F.,(4,1,4),(0.,0.00234622321618399,0.00469244643236799),
 .UNSPECIFIED.);
#57=B_SPLINE_CURVE_WITH_KNOTS('',3,(#3801,#3802,#3803,#3804,#3805,#3806),
 .UNSPECIFIED.,.F.,.F.,(4,1,1,4),(0.,0.000948734205942542,0.00189746841188508,
0.00379493682377017),.UNSPECIFIED.);
#58=B_SPLINE_CURVE_WITH_KNOTS('',3,(#3807,#3808,#3809,#3810),
 .UNSPECIFIED.,.F.,.F.,(4,4),(0.,0.00273322777896418),.UNSPECIFIED.);
#59=B_SPLINE_CURVE_WITH_KNOTS('',3,(#3873,#3874,#3875,#3876,#3877),
 .UNSPECIFIED.,.F.,.F.,(4,1,4),(0.,0.00161871359442217,0.00323742718884433),
 .UNSPECIFIED.);
#60=B_SPLINE_CURVE_WITH_KNOTS('',3,(#3881,#3882,#3883,#3884,#3885,#3886),
 .UNSPECIFIED.,.F.,.F.,(4,1,1,4),(0.,0.000951358888717202,0.0019027177774344,
0.00380543555486881),.UNSPECIFIED.);
#61=CYLINDRICAL_SURFACE('',#2317,0.019);
#62=CYLINDRICAL_SURFACE('',#2320,0.022);
#63=CYLINDRICAL_SURFACE('',#2323,0.0331531680704792);
#64=CYLINDRICAL_SURFACE('',#2326,0.00995);
#65=CYLINDRICAL_SURFACE('',#2329,0.0331531680704792);
#66=CYLINDRICAL_SURFACE('',#2332,0.017);
#67=CYLINDRICAL_SURFACE('',#2338,0.0017);
#68=CYLINDRICAL_SURFACE('',#2341,0.0017);
#69=CYLINDRICAL_SURFACE('',#2344,0.0017);
#70=CYLINDRICAL_SURFACE('',#2347,0.0017);
#71=CYLINDRICAL_SURFACE('',#2351,0.0375);
#72=CYLINDRICAL_SURFACE('',#2384,0.00315);
#73=CYLINDRICAL_SURFACE('',#2387,0.00315);
#74=CYLINDRICAL_SURFACE('',#2390,0.00315);
#75=CYLINDRICAL_SURFACE('',#2393,0.00315);
#76=CYLINDRICAL_SURFACE('',#2396,0.00315);
#77=CYLINDRICAL_SURFACE('',#2399,0.00315);
#78=CYLINDRICAL_SURFACE('',#2402,0.005);
#79=CYLINDRICAL_SURFACE('',#2405,0.005);
#80=CYLINDRICAL_SURFACE('',#2410,0.00255);
#81=CYLINDRICAL_SURFACE('',#2414,0.00255);
#82=CYLINDRICAL_SURFACE('',#2418,0.00255);
#83=CYLINDRICAL_SURFACE('',#2422,0.00255);
#84=CYLINDRICAL_SURFACE('',#2426,0.00255);
#85=CYLINDRICAL_SURFACE('',#2430,0.00255);
#86=CYLINDRICAL_SURFACE('',#2434,0.00255);
#87=CYLINDRICAL_SURFACE('',#2438,0.00255);
#88=CYLINDRICAL_SURFACE('',#2474,0.023);
#89=CYLINDRICAL_SURFACE('',#2476,0.0271531680704792);
#90=CYLINDRICAL_SURFACE('',#2478,0.00395);
#91=CYLINDRICAL_SURFACE('',#2480,0.0271531680704792);
#92=CYLINDRICAL_SURFACE('',#2482,0.028);
#93=CYLINDRICAL_SURFACE('',#2484,0.013);
#94=CYLINDRICAL_SURFACE('',#2488,0.0026);
#95=CYLINDRICAL_SURFACE('',#2489,0.0026);
#96=CYLINDRICAL_SURFACE('',#2492,0.0375);
#97=CYLINDRICAL_SURFACE('',#2493,0.003);
#98=CYLINDRICAL_SURFACE('',#2508,0.003);
#99=CYLINDRICAL_SURFACE('',#2524,0.001);
#100=CYLINDRICAL_SURFACE('',#2526,0.001);
#101=CYLINDRICAL_SURFACE('',#2528,0.001);
#102=CYLINDRICAL_SURFACE('',#2529,0.001);
#103=CYLINDRICAL_SURFACE('',#2530,0.001);
#104=CYLINDRICAL_SURFACE('',#2531,0.001);
#105=CYLINDRICAL_SURFACE('',#2532,0.001);
#106=CYLINDRICAL_SURFACE('',#2543,0.0042);
#107=CYLINDRICAL_SURFACE('',#2544,0.0054);
#108=CYLINDRICAL_SURFACE('',#2549,0.001);
#109=CYLINDRICAL_SURFACE('',#2550,0.001);
#110=CYLINDRICAL_SURFACE('',#2555,0.001);
#111=CIRCLE('',#2289,0.00355);
#112=CIRCLE('',#2290,0.00355);
#113=CIRCLE('',#2291,0.00355);
#114=CIRCLE('',#2292,0.00295);
#115=CIRCLE('',#2293,0.00295);
#116=CIRCLE('',#2294,0.00295);
#117=CIRCLE('',#2295,0.00295);
#118=CIRCLE('',#2296,0.001);
#119=CIRCLE('',#2297,0.001);
#120=CIRCLE('',#2298,0.013);
#121=CIRCLE('',#2299,0.028);
#122=CIRCLE('',#2300,0.0271531680704792);
#123=CIRCLE('',#2301,0.00395);
#124=CIRCLE('',#2302,0.0271531680704792);
#125=CIRCLE('',#2303,0.023);
#126=CIRCLE('',#2304,0.001);
#127=CIRCLE('',#2305,0.0046);
#128=CIRCLE('',#2306,0.001);
#129=CIRCLE('',#2307,0.0026);
#130=CIRCLE('',#2308,0.001);
#131=CIRCLE('',#2309,0.001);
#132=CIRCLE('',#2310,0.0375);
#133=CIRCLE('',#2318,0.019);
#134=CIRCLE('',#2319,0.019);
#135=CIRCLE('',#2321,0.022);
#136=CIRCLE('',#2322,0.022);
#137=CIRCLE('',#2324,0.0331531680704792);
#138=CIRCLE('',#2325,0.0331531680704792);
#139=CIRCLE('',#2327,0.00995);
#140=CIRCLE('',#2328,0.00995);
#141=CIRCLE('',#2330,0.0331531680704792);
#142=CIRCLE('',#2331,0.0331531680704792);
#143=CIRCLE('',#2333,0.017);
#144=CIRCLE('',#2334,0.017);
#145=CIRCLE('',#2337,0.004);
#146=CIRCLE('',#2339,0.0017);
#147=CIRCLE('',#2340,0.0017);
#148=CIRCLE('',#2342,0.0017);
#149=CIRCLE('',#2343,0.0017);
#150=CIRCLE('',#2345,0.0017);
#151=CIRCLE('',#2346,0.0017);
#152=CIRCLE('',#2348,0.0017);
#153=CIRCLE('',#2349,0.0017);
#154=CIRCLE('',#2352,0.0375);
#155=CIRCLE('',#2353,0.0375);
#156=CIRCLE('',#2355,0.0371);
#157=CIRCLE('',#2356,0.001);
#158=CIRCLE('',#2357,0.0026);
#159=CIRCLE('',#2358,0.001);
#160=CIRCLE('',#2359,0.0046);
#161=CIRCLE('',#2360,0.00355);
#162=CIRCLE('',#2361,0.00355);
#163=CIRCLE('',#2362,0.00355);
#164=CIRCLE('',#2364,0.001);
#165=CIRCLE('',#2365,0.001);
#166=CIRCLE('',#2366,0.0375);
#167=CIRCLE('',#2367,0.001);
#168=CIRCLE('',#2368,0.001);
#169=CIRCLE('',#2369,0.0026);
#170=CIRCLE('',#2370,0.0026);
#171=CIRCLE('',#2371,0.00295);
#172=CIRCLE('',#2372,0.00295);
#173=CIRCLE('',#2373,0.00295);
#174=CIRCLE('',#2374,0.00295);
#175=CIRCLE('',#2375,0.00355);
#176=CIRCLE('',#2376,0.00355);
#177=CIRCLE('',#2377,0.00355);
#178=CIRCLE('',#2378,0.00355);
#179=CIRCLE('',#2379,0.00355);
#180=CIRCLE('',#2380,0.00355);
#181=CIRCLE('',#2381,0.0046);
#182=CIRCLE('',#2382,0.0046);
#183=CIRCLE('',#2383,0.0371);
#184=CIRCLE('',#2385,0.00315);
#185=CIRCLE('',#2386,0.00315);
#186=CIRCLE('',#2388,0.00315);
#187=CIRCLE('',#2389,0.00315);
#188=CIRCLE('',#2391,0.00315);
#189=CIRCLE('',#2392,0.00315);
#190=CIRCLE('',#2394,0.00315);
#191=CIRCLE('',#2395,0.00315);
#192=CIRCLE('',#2397,0.00315);
#193=CIRCLE('',#2398,0.00315);
#194=CIRCLE('',#2400,0.00315);
#195=CIRCLE('',#2401,0.00315);
#196=CIRCLE('',#2403,0.005);
#197=CIRCLE('',#2404,0.005);
#198=CIRCLE('',#2406,0.005);
#199=CIRCLE('',#2407,0.005);
#200=CIRCLE('',#2409,0.00255);
#201=CIRCLE('',#2411,0.00255);
#202=CIRCLE('',#2413,0.00255);
#203=CIRCLE('',#2415,0.00255);
#204=CIRCLE('',#2417,0.00255);
#205=CIRCLE('',#2419,0.00255);
#206=CIRCLE('',#2421,0.00255);
#207=CIRCLE('',#2423,0.00255);
#208=CIRCLE('',#2425,0.00255);
#209=CIRCLE('',#2427,0.00255);
#210=CIRCLE('',#2429,0.00255);
#211=CIRCLE('',#2431,0.00255);
#212=CIRCLE('',#2433,0.00255);
#213=CIRCLE('',#2435,0.00255);
#214=CIRCLE('',#2437,0.00255);
#215=CIRCLE('',#2439,0.00255);
#216=CIRCLE('',#2475,0.023);
#217=CIRCLE('',#2477,0.0271531680704792);
#218=CIRCLE('',#2479,0.00395);
#219=CIRCLE('',#2481,0.0271531680704792);
#220=CIRCLE('',#2483,0.028);
#221=CIRCLE('',#2485,0.013);
#222=CIRCLE('',#2491,0.004);
#223=CIRCLE('',#2494,0.003);
#224=CIRCLE('',#2495,0.003);
#225=CIRCLE('',#2497,0.003);
#226=CIRCLE('',#2499,0.003);
#227=CIRCLE('',#2501,0.003);
#228=CIRCLE('',#2503,0.003);
#229=CIRCLE('',#2505,0.003);
#230=CIRCLE('',#2507,0.003);
#231=CIRCLE('',#2509,0.003);
#232=CIRCLE('',#2534,0.0054);
#233=CIRCLE('',#2535,0.0042);
#234=CIRCLE('',#2538,0.0042);
#235=CIRCLE('',#2539,0.0054);
#236=CIRCLE('',#2545,0.001);
#237=CIRCLE('',#2547,0.001);
#238=CIRCLE('',#2548,0.001);
#239=CIRCLE('',#2551,0.001);
#240=CIRCLE('',#2552,0.001);
#241=CIRCLE('',#2554,0.001);
#242=ORIENTED_EDGE('',*,*,#846,.F.);
#243=ORIENTED_EDGE('',*,*,#847,.F.);
#244=ORIENTED_EDGE('',*,*,#848,.T.);
#245=ORIENTED_EDGE('',*,*,#849,.T.);
#246=ORIENTED_EDGE('',*,*,#850,.T.);
#247=ORIENTED_EDGE('',*,*,#851,.T.);
#248=ORIENTED_EDGE('',*,*,#852,.T.);
#249=ORIENTED_EDGE('',*,*,#853,.F.);
#250=ORIENTED_EDGE('',*,*,#854,.T.);
#251=ORIENTED_EDGE('',*,*,#855,.T.);
#252=ORIENTED_EDGE('',*,*,#856,.T.);
#253=ORIENTED_EDGE('',*,*,#857,.T.);
#254=ORIENTED_EDGE('',*,*,#858,.T.);
#255=ORIENTED_EDGE('',*,*,#859,.T.);
#256=ORIENTED_EDGE('',*,*,#860,.T.);
#257=ORIENTED_EDGE('',*,*,#861,.T.);
#258=ORIENTED_EDGE('',*,*,#862,.T.);
#259=ORIENTED_EDGE('',*,*,#863,.F.);
#260=ORIENTED_EDGE('',*,*,#864,.F.);
#261=ORIENTED_EDGE('',*,*,#865,.F.);
#262=ORIENTED_EDGE('',*,*,#866,.F.);
#263=ORIENTED_EDGE('',*,*,#867,.F.);
#264=ORIENTED_EDGE('',*,*,#868,.F.);
#265=ORIENTED_EDGE('',*,*,#869,.F.);
#266=ORIENTED_EDGE('',*,*,#870,.F.);
#267=ORIENTED_EDGE('',*,*,#871,.T.);
#268=ORIENTED_EDGE('',*,*,#872,.T.);
#269=ORIENTED_EDGE('',*,*,#873,.F.);
#270=ORIENTED_EDGE('',*,*,#852,.F.);
#271=ORIENTED_EDGE('',*,*,#874,.T.);
#272=ORIENTED_EDGE('',*,*,#875,.T.);
#273=ORIENTED_EDGE('',*,*,#876,.T.);
#274=ORIENTED_EDGE('',*,*,#877,.T.);
#275=ORIENTED_EDGE('',*,*,#878,.T.);
#276=ORIENTED_EDGE('',*,*,#879,.T.);
#277=ORIENTED_EDGE('',*,*,#880,.T.);
#278=ORIENTED_EDGE('',*,*,#881,.T.);
#279=ORIENTED_EDGE('',*,*,#882,.T.);
#280=ORIENTED_EDGE('',*,*,#883,.T.);
#281=ORIENTED_EDGE('',*,*,#884,.T.);
#282=ORIENTED_EDGE('',*,*,#885,.T.);
#283=ORIENTED_EDGE('',*,*,#886,.T.);
#284=ORIENTED_EDGE('',*,*,#887,.T.);
#285=ORIENTED_EDGE('',*,*,#888,.T.);
#286=ORIENTED_EDGE('',*,*,#889,.F.);
#287=ORIENTED_EDGE('',*,*,#890,.T.);
#288=ORIENTED_EDGE('',*,*,#891,.T.);
#289=ORIENTED_EDGE('',*,*,#892,.F.);
#290=ORIENTED_EDGE('',*,*,#893,.F.);
#291=ORIENTED_EDGE('',*,*,#894,.F.);
#292=ORIENTED_EDGE('',*,*,#895,.T.);
#293=ORIENTED_EDGE('',*,*,#896,.F.);
#294=ORIENTED_EDGE('',*,*,#897,.F.);
#295=ORIENTED_EDGE('',*,*,#898,.T.);
#296=ORIENTED_EDGE('',*,*,#899,.T.);
#297=ORIENTED_EDGE('',*,*,#900,.F.);
#298=ORIENTED_EDGE('',*,*,#901,.F.);
#299=ORIENTED_EDGE('',*,*,#897,.T.);
#300=ORIENTED_EDGE('',*,*,#902,.T.);
#301=ORIENTED_EDGE('',*,*,#903,.T.);
#302=ORIENTED_EDGE('',*,*,#904,.T.);
#303=ORIENTED_EDGE('',*,*,#905,.T.);
#304=ORIENTED_EDGE('',*,*,#906,.T.);
#305=ORIENTED_EDGE('',*,*,#907,.T.);
#306=ORIENTED_EDGE('',*,*,#908,.F.);
#307=ORIENTED_EDGE('',*,*,#909,.T.);
#308=ORIENTED_EDGE('',*,*,#907,.F.);
#309=ORIENTED_EDGE('',*,*,#910,.T.);
#310=ORIENTED_EDGE('',*,*,#911,.T.);
#311=ORIENTED_EDGE('',*,*,#912,.T.);
#312=ORIENTED_EDGE('',*,*,#913,.F.);
#313=ORIENTED_EDGE('',*,*,#914,.F.);
#314=ORIENTED_EDGE('',*,*,#915,.T.);
#315=ORIENTED_EDGE('',*,*,#916,.T.);
#316=ORIENTED_EDGE('',*,*,#882,.F.);
#317=ORIENTED_EDGE('',*,*,#917,.T.);
#318=ORIENTED_EDGE('',*,*,#918,.T.);
#319=ORIENTED_EDGE('',*,*,#919,.T.);
#320=ORIENTED_EDGE('',*,*,#920,.F.);
#321=ORIENTED_EDGE('',*,*,#921,.T.);
#322=ORIENTED_EDGE('',*,*,#922,.F.);
#323=ORIENTED_EDGE('',*,*,#923,.T.);
#324=ORIENTED_EDGE('',*,*,#924,.T.);
#325=ORIENTED_EDGE('',*,*,#925,.T.);
#326=ORIENTED_EDGE('',*,*,#926,.T.);
#327=ORIENTED_EDGE('',*,*,#927,.F.);
#328=ORIENTED_EDGE('',*,*,#928,.F.);
#329=ORIENTED_EDGE('',*,*,#927,.T.);
#330=ORIENTED_EDGE('',*,*,#929,.T.);
#331=ORIENTED_EDGE('',*,*,#930,.F.);
#332=ORIENTED_EDGE('',*,*,#931,.F.);
#333=ORIENTED_EDGE('',*,*,#930,.T.);
#334=ORIENTED_EDGE('',*,*,#932,.T.);
#335=ORIENTED_EDGE('',*,*,#933,.F.);
#336=ORIENTED_EDGE('',*,*,#934,.F.);
#337=ORIENTED_EDGE('',*,*,#933,.T.);
#338=ORIENTED_EDGE('',*,*,#935,.T.);
#339=ORIENTED_EDGE('',*,*,#936,.F.);
#340=ORIENTED_EDGE('',*,*,#937,.F.);
#341=ORIENTED_EDGE('',*,*,#936,.T.);
#342=ORIENTED_EDGE('',*,*,#938,.T.);
#343=ORIENTED_EDGE('',*,*,#939,.F.);
#344=ORIENTED_EDGE('',*,*,#940,.F.);
#345=ORIENTED_EDGE('',*,*,#939,.T.);
#346=ORIENTED_EDGE('',*,*,#941,.T.);
#347=ORIENTED_EDGE('',*,*,#942,.F.);
#348=ORIENTED_EDGE('',*,*,#943,.F.);
#349=ORIENTED_EDGE('',*,*,#942,.T.);
#350=ORIENTED_EDGE('',*,*,#944,.T.);
#351=ORIENTED_EDGE('',*,*,#848,.F.);
#352=ORIENTED_EDGE('',*,*,#863,.T.);
#353=ORIENTED_EDGE('',*,*,#945,.T.);
#354=ORIENTED_EDGE('',*,*,#946,.T.);
#355=ORIENTED_EDGE('',*,*,#947,.T.);
#356=ORIENTED_EDGE('',*,*,#948,.T.);
#357=ORIENTED_EDGE('',*,*,#949,.T.);
#358=ORIENTED_EDGE('',*,*,#950,.T.);
#359=ORIENTED_EDGE('',*,*,#951,.T.);
#360=ORIENTED_EDGE('',*,*,#952,.T.);
#361=ORIENTED_EDGE('',*,*,#953,.T.);
#362=ORIENTED_EDGE('',*,*,#954,.F.);
#363=ORIENTED_EDGE('',*,*,#955,.F.);
#364=ORIENTED_EDGE('',*,*,#956,.F.);
#365=ORIENTED_EDGE('',*,*,#957,.F.);
#366=ORIENTED_EDGE('',*,*,#958,.F.);
#367=ORIENTED_EDGE('',*,*,#959,.F.);
#368=ORIENTED_EDGE('',*,*,#960,.F.);
#369=ORIENTED_EDGE('',*,*,#961,.F.);
#370=ORIENTED_EDGE('',*,*,#962,.F.);
#371=ORIENTED_EDGE('',*,*,#963,.T.);
#372=ORIENTED_EDGE('',*,*,#964,.T.);
#373=ORIENTED_EDGE('',*,*,#965,.T.);
#374=ORIENTED_EDGE('',*,*,#951,.F.);
#375=ORIENTED_EDGE('',*,*,#966,.T.);
#376=ORIENTED_EDGE('',*,*,#967,.T.);
#377=ORIENTED_EDGE('',*,*,#968,.T.);
#378=ORIENTED_EDGE('',*,*,#962,.T.);
#379=ORIENTED_EDGE('',*,*,#969,.T.);
#380=ORIENTED_EDGE('',*,*,#970,.T.);
#381=ORIENTED_EDGE('',*,*,#971,.T.);
#382=ORIENTED_EDGE('',*,*,#918,.F.);
#383=ORIENTED_EDGE('',*,*,#972,.T.);
#384=ORIENTED_EDGE('',*,*,#973,.F.);
#385=ORIENTED_EDGE('',*,*,#974,.F.);
#386=ORIENTED_EDGE('',*,*,#849,.F.);
#387=ORIENTED_EDGE('',*,*,#944,.F.);
#388=ORIENTED_EDGE('',*,*,#941,.F.);
#389=ORIENTED_EDGE('',*,*,#938,.F.);
#390=ORIENTED_EDGE('',*,*,#935,.F.);
#391=ORIENTED_EDGE('',*,*,#932,.F.);
#392=ORIENTED_EDGE('',*,*,#929,.F.);
#393=ORIENTED_EDGE('',*,*,#926,.F.);
#394=ORIENTED_EDGE('',*,*,#975,.T.);
#395=ORIENTED_EDGE('',*,*,#913,.T.);
#396=ORIENTED_EDGE('',*,*,#976,.T.);
#397=ORIENTED_EDGE('',*,*,#977,.F.);
#398=ORIENTED_EDGE('',*,*,#978,.T.);
#399=ORIENTED_EDGE('',*,*,#979,.F.);
#400=ORIENTED_EDGE('',*,*,#908,.T.);
#401=ORIENTED_EDGE('',*,*,#980,.T.);
#402=ORIENTED_EDGE('',*,*,#981,.T.);
#403=ORIENTED_EDGE('',*,*,#982,.T.);
#404=ORIENTED_EDGE('',*,*,#983,.T.);
#405=ORIENTED_EDGE('',*,*,#984,.T.);
#406=ORIENTED_EDGE('',*,*,#924,.F.);
#407=ORIENTED_EDGE('',*,*,#985,.T.);
#408=ORIENTED_EDGE('',*,*,#986,.F.);
#409=ORIENTED_EDGE('',*,*,#987,.T.);
#410=ORIENTED_EDGE('',*,*,#988,.F.);
#411=ORIENTED_EDGE('',*,*,#989,.T.);
#412=ORIENTED_EDGE('',*,*,#990,.F.);
#413=ORIENTED_EDGE('',*,*,#991,.T.);
#414=ORIENTED_EDGE('',*,*,#992,.F.);
#415=ORIENTED_EDGE('',*,*,#993,.F.);
#416=ORIENTED_EDGE('',*,*,#915,.F.);
#417=ORIENTED_EDGE('',*,*,#994,.F.);
#418=ORIENTED_EDGE('',*,*,#995,.T.);
#419=ORIENTED_EDGE('',*,*,#996,.T.);
#420=ORIENTED_EDGE('',*,*,#997,.T.);
#421=ORIENTED_EDGE('',*,*,#998,.T.);
#422=ORIENTED_EDGE('',*,*,#999,.T.);
#423=ORIENTED_EDGE('',*,*,#1000,.T.);
#424=ORIENTED_EDGE('',*,*,#1001,.T.);
#425=ORIENTED_EDGE('',*,*,#1002,.T.);
#426=ORIENTED_EDGE('',*,*,#1003,.T.);
#427=ORIENTED_EDGE('',*,*,#1004,.T.);
#428=ORIENTED_EDGE('',*,*,#1005,.T.);
#429=ORIENTED_EDGE('',*,*,#1006,.T.);
#430=ORIENTED_EDGE('',*,*,#1007,.T.);
#431=ORIENTED_EDGE('',*,*,#1008,.T.);
#432=ORIENTED_EDGE('',*,*,#1009,.T.);
#433=ORIENTED_EDGE('',*,*,#1010,.T.);
#434=ORIENTED_EDGE('',*,*,#1011,.T.);
#435=ORIENTED_EDGE('',*,*,#1012,.T.);
#436=ORIENTED_EDGE('',*,*,#1013,.T.);
#437=ORIENTED_EDGE('',*,*,#1014,.T.);
#438=ORIENTED_EDGE('',*,*,#1015,.T.);
#439=ORIENTED_EDGE('',*,*,#1016,.T.);
#440=ORIENTED_EDGE('',*,*,#1017,.T.);
#441=ORIENTED_EDGE('',*,*,#1018,.T.);
#442=ORIENTED_EDGE('',*,*,#1019,.T.);
#443=ORIENTED_EDGE('',*,*,#1020,.T.);
#444=ORIENTED_EDGE('',*,*,#1021,.T.);
#445=ORIENTED_EDGE('',*,*,#1022,.T.);
#446=ORIENTED_EDGE('',*,*,#964,.F.);
#447=ORIENTED_EDGE('',*,*,#1023,.T.);
#448=ORIENTED_EDGE('',*,*,#906,.F.);
#449=ORIENTED_EDGE('',*,*,#1024,.T.);
#450=ORIENTED_EDGE('',*,*,#904,.F.);
#451=ORIENTED_EDGE('',*,*,#1025,.T.);
#452=ORIENTED_EDGE('',*,*,#953,.F.);
#453=ORIENTED_EDGE('',*,*,#1026,.T.);
#454=ORIENTED_EDGE('',*,*,#1027,.T.);
#455=ORIENTED_EDGE('',*,*,#960,.T.);
#456=ORIENTED_EDGE('',*,*,#1028,.T.);
#457=ORIENTED_EDGE('',*,*,#1027,.F.);
#458=ORIENTED_EDGE('',*,*,#1029,.T.);
#459=ORIENTED_EDGE('',*,*,#958,.T.);
#460=ORIENTED_EDGE('',*,*,#1030,.T.);
#461=ORIENTED_EDGE('',*,*,#1029,.F.);
#462=ORIENTED_EDGE('',*,*,#1031,.T.);
#463=ORIENTED_EDGE('',*,*,#956,.T.);
#464=ORIENTED_EDGE('',*,*,#1032,.T.);
#465=ORIENTED_EDGE('',*,*,#1031,.F.);
#466=ORIENTED_EDGE('',*,*,#1033,.T.);
#467=ORIENTED_EDGE('',*,*,#954,.T.);
#468=ORIENTED_EDGE('',*,*,#1034,.T.);
#469=ORIENTED_EDGE('',*,*,#1033,.F.);
#470=ORIENTED_EDGE('',*,*,#1035,.F.);
#471=ORIENTED_EDGE('',*,*,#955,.T.);
#472=ORIENTED_EDGE('',*,*,#1036,.T.);
#473=ORIENTED_EDGE('',*,*,#1035,.T.);
#474=ORIENTED_EDGE('',*,*,#1037,.F.);
#475=ORIENTED_EDGE('',*,*,#957,.T.);
#476=ORIENTED_EDGE('',*,*,#1038,.T.);
#477=ORIENTED_EDGE('',*,*,#1037,.T.);
#478=ORIENTED_EDGE('',*,*,#1039,.F.);
#479=ORIENTED_EDGE('',*,*,#959,.T.);
#480=ORIENTED_EDGE('',*,*,#1040,.T.);
#481=ORIENTED_EDGE('',*,*,#1039,.T.);
#482=ORIENTED_EDGE('',*,*,#1041,.F.);
#483=ORIENTED_EDGE('',*,*,#961,.T.);
#484=ORIENTED_EDGE('',*,*,#1042,.T.);
#485=ORIENTED_EDGE('',*,*,#1041,.T.);
#486=ORIENTED_EDGE('',*,*,#1040,.F.);
#487=ORIENTED_EDGE('',*,*,#860,.F.);
#488=ORIENTED_EDGE('',*,*,#1038,.F.);
#489=ORIENTED_EDGE('',*,*,#859,.F.);
#490=ORIENTED_EDGE('',*,*,#1036,.F.);
#491=ORIENTED_EDGE('',*,*,#858,.F.);
#492=ORIENTED_EDGE('',*,*,#1042,.F.);
#493=ORIENTED_EDGE('',*,*,#857,.F.);
#494=ORIENTED_EDGE('',*,*,#995,.F.);
#495=ORIENTED_EDGE('',*,*,#1030,.F.);
#496=ORIENTED_EDGE('',*,*,#996,.F.);
#497=ORIENTED_EDGE('',*,*,#1032,.F.);
#498=ORIENTED_EDGE('',*,*,#997,.F.);
#499=ORIENTED_EDGE('',*,*,#1034,.F.);
#500=ORIENTED_EDGE('',*,*,#998,.F.);
#501=ORIENTED_EDGE('',*,*,#1028,.F.);
#502=ORIENTED_EDGE('',*,*,#1019,.F.);
#503=ORIENTED_EDGE('',*,*,#856,.F.);
#504=ORIENTED_EDGE('',*,*,#1017,.F.);
#505=ORIENTED_EDGE('',*,*,#982,.F.);
#506=ORIENTED_EDGE('',*,*,#1015,.F.);
#507=ORIENTED_EDGE('',*,*,#983,.F.);
#508=ORIENTED_EDGE('',*,*,#1013,.F.);
#509=ORIENTED_EDGE('',*,*,#984,.F.);
#510=ORIENTED_EDGE('',*,*,#1011,.F.);
#511=ORIENTED_EDGE('',*,*,#855,.F.);
#512=ORIENTED_EDGE('',*,*,#1021,.F.);
#513=ORIENTED_EDGE('',*,*,#854,.F.);
#514=ORIENTED_EDGE('',*,*,#999,.F.);
#515=ORIENTED_EDGE('',*,*,#1020,.F.);
#516=ORIENTED_EDGE('',*,*,#1000,.F.);
#517=ORIENTED_EDGE('',*,*,#1018,.F.);
#518=ORIENTED_EDGE('',*,*,#1001,.F.);
#519=ORIENTED_EDGE('',*,*,#1016,.F.);
#520=ORIENTED_EDGE('',*,*,#1002,.F.);
#521=ORIENTED_EDGE('',*,*,#1014,.F.);
#522=ORIENTED_EDGE('',*,*,#1003,.F.);
#523=ORIENTED_EDGE('',*,*,#1012,.F.);
#524=ORIENTED_EDGE('',*,*,#1004,.F.);
#525=ORIENTED_EDGE('',*,*,#1022,.F.);
#526=ORIENTED_EDGE('',*,*,#968,.F.);
#527=ORIENTED_EDGE('',*,*,#1043,.T.);
#528=ORIENTED_EDGE('',*,*,#970,.F.);
#529=ORIENTED_EDGE('',*,*,#1044,.F.);
#530=ORIENTED_EDGE('',*,*,#875,.F.);
#531=ORIENTED_EDGE('',*,*,#1045,.T.);
#532=ORIENTED_EDGE('',*,*,#948,.F.);
#533=ORIENTED_EDGE('',*,*,#1046,.F.);
#534=ORIENTED_EDGE('',*,*,#1044,.T.);
#535=ORIENTED_EDGE('',*,*,#981,.F.);
#536=ORIENTED_EDGE('',*,*,#1047,.F.);
#537=ORIENTED_EDGE('',*,*,#963,.F.);
#538=ORIENTED_EDGE('',*,*,#1046,.T.);
#539=ORIENTED_EDGE('',*,*,#1025,.F.);
#540=ORIENTED_EDGE('',*,*,#1048,.F.);
#541=ORIENTED_EDGE('',*,*,#876,.F.);
#542=ORIENTED_EDGE('',*,*,#1047,.T.);
#543=ORIENTED_EDGE('',*,*,#980,.F.);
#544=ORIENTED_EDGE('',*,*,#910,.F.);
#545=ORIENTED_EDGE('',*,*,#1023,.F.);
#546=ORIENTED_EDGE('',*,*,#1049,.F.);
#547=ORIENTED_EDGE('',*,*,#877,.F.);
#548=ORIENTED_EDGE('',*,*,#1048,.T.);
#549=ORIENTED_EDGE('',*,*,#903,.F.);
#550=ORIENTED_EDGE('',*,*,#1050,.F.);
#551=ORIENTED_EDGE('',*,*,#1009,.F.);
#552=ORIENTED_EDGE('',*,*,#1051,.F.);
#553=ORIENTED_EDGE('',*,*,#969,.F.);
#554=ORIENTED_EDGE('',*,*,#1051,.T.);
#555=ORIENTED_EDGE('',*,*,#1008,.F.);
#556=ORIENTED_EDGE('',*,*,#1052,.F.);
#557=ORIENTED_EDGE('',*,*,#952,.F.);
#558=ORIENTED_EDGE('',*,*,#1050,.T.);
#559=ORIENTED_EDGE('',*,*,#965,.F.);
#560=ORIENTED_EDGE('',*,*,#1053,.F.);
#561=ORIENTED_EDGE('',*,*,#1010,.F.);
#562=ORIENTED_EDGE('',*,*,#1052,.T.);
#563=ORIENTED_EDGE('',*,*,#1007,.F.);
#564=ORIENTED_EDGE('',*,*,#1054,.F.);
#565=ORIENTED_EDGE('',*,*,#1026,.F.);
#566=ORIENTED_EDGE('',*,*,#1053,.T.);
#567=ORIENTED_EDGE('',*,*,#1024,.F.);
#568=ORIENTED_EDGE('',*,*,#1055,.F.);
#569=ORIENTED_EDGE('',*,*,#1005,.F.);
#570=ORIENTED_EDGE('',*,*,#1054,.T.);
#571=ORIENTED_EDGE('',*,*,#1006,.F.);
#572=ORIENTED_EDGE('',*,*,#1055,.T.);
#573=ORIENTED_EDGE('',*,*,#905,.F.);
#574=ORIENTED_EDGE('',*,*,#1056,.T.);
#575=ORIENTED_EDGE('',*,*,#1057,.T.);
#576=ORIENTED_EDGE('',*,*,#870,.T.);
#577=ORIENTED_EDGE('',*,*,#1058,.F.);
#578=ORIENTED_EDGE('',*,*,#1059,.F.);
#579=ORIENTED_EDGE('',*,*,#1060,.T.);
#580=ORIENTED_EDGE('',*,*,#1058,.T.);
#581=ORIENTED_EDGE('',*,*,#869,.T.);
#582=ORIENTED_EDGE('',*,*,#1061,.F.);
#583=ORIENTED_EDGE('',*,*,#1062,.T.);
#584=ORIENTED_EDGE('',*,*,#1059,.T.);
#585=ORIENTED_EDGE('',*,*,#868,.T.);
#586=ORIENTED_EDGE('',*,*,#1063,.F.);
#587=ORIENTED_EDGE('',*,*,#1064,.T.);
#588=ORIENTED_EDGE('',*,*,#1061,.T.);
#589=ORIENTED_EDGE('',*,*,#867,.T.);
#590=ORIENTED_EDGE('',*,*,#1065,.F.);
#591=ORIENTED_EDGE('',*,*,#1066,.T.);
#592=ORIENTED_EDGE('',*,*,#1063,.T.);
#593=ORIENTED_EDGE('',*,*,#866,.T.);
#594=ORIENTED_EDGE('',*,*,#1067,.F.);
#595=ORIENTED_EDGE('',*,*,#1068,.T.);
#596=ORIENTED_EDGE('',*,*,#1065,.T.);
#597=ORIENTED_EDGE('',*,*,#865,.T.);
#598=ORIENTED_EDGE('',*,*,#947,.F.);
#599=ORIENTED_EDGE('',*,*,#1069,.T.);
#600=ORIENTED_EDGE('',*,*,#1067,.T.);
#601=ORIENTED_EDGE('',*,*,#864,.T.);
#602=ORIENTED_EDGE('',*,*,#886,.F.);
#603=ORIENTED_EDGE('',*,*,#1070,.T.);
#604=ORIENTED_EDGE('',*,*,#990,.T.);
#605=ORIENTED_EDGE('',*,*,#1071,.T.);
#606=ORIENTED_EDGE('',*,*,#992,.T.);
#607=ORIENTED_EDGE('',*,*,#1072,.T.);
#608=ORIENTED_EDGE('',*,*,#884,.F.);
#609=ORIENTED_EDGE('',*,*,#1073,.F.);
#610=ORIENTED_EDGE('',*,*,#993,.T.);
#611=ORIENTED_EDGE('',*,*,#1073,.T.);
#612=ORIENTED_EDGE('',*,*,#883,.F.);
#613=ORIENTED_EDGE('',*,*,#916,.F.);
#614=ORIENTED_EDGE('',*,*,#994,.T.);
#615=ORIENTED_EDGE('',*,*,#914,.T.);
#616=ORIENTED_EDGE('',*,*,#975,.F.);
#617=ORIENTED_EDGE('',*,*,#925,.F.);
#618=ORIENTED_EDGE('',*,*,#1074,.T.);
#619=ORIENTED_EDGE('',*,*,#1075,.T.);
#620=ORIENTED_EDGE('',*,*,#1076,.T.);
#621=ORIENTED_EDGE('',*,*,#986,.T.);
#622=ORIENTED_EDGE('',*,*,#888,.F.);
#623=ORIENTED_EDGE('',*,*,#1077,.T.);
#624=ORIENTED_EDGE('',*,*,#988,.T.);
#625=ORIENTED_EDGE('',*,*,#1078,.T.);
#626=ORIENTED_EDGE('',*,*,#1079,.T.);
#627=ORIENTED_EDGE('',*,*,#1080,.T.);
#628=ORIENTED_EDGE('',*,*,#850,.F.);
#629=ORIENTED_EDGE('',*,*,#1081,.T.);
#630=ORIENTED_EDGE('',*,*,#1056,.F.);
#631=ORIENTED_EDGE('',*,*,#1082,.T.);
#632=ORIENTED_EDGE('',*,*,#847,.T.);
#633=ORIENTED_EDGE('',*,*,#1083,.T.);
#634=ORIENTED_EDGE('',*,*,#920,.T.);
#635=ORIENTED_EDGE('',*,*,#1084,.T.);
#636=ORIENTED_EDGE('',*,*,#943,.T.);
#637=ORIENTED_EDGE('',*,*,#1082,.F.);
#638=ORIENTED_EDGE('',*,*,#1060,.F.);
#639=ORIENTED_EDGE('',*,*,#1085,.T.);
#640=ORIENTED_EDGE('',*,*,#940,.T.);
#641=ORIENTED_EDGE('',*,*,#1084,.F.);
#642=ORIENTED_EDGE('',*,*,#1062,.F.);
#643=ORIENTED_EDGE('',*,*,#1086,.T.);
#644=ORIENTED_EDGE('',*,*,#937,.T.);
#645=ORIENTED_EDGE('',*,*,#1085,.F.);
#646=ORIENTED_EDGE('',*,*,#1064,.F.);
#647=ORIENTED_EDGE('',*,*,#1087,.T.);
#648=ORIENTED_EDGE('',*,*,#934,.T.);
#649=ORIENTED_EDGE('',*,*,#1086,.F.);
#650=ORIENTED_EDGE('',*,*,#1066,.F.);
#651=ORIENTED_EDGE('',*,*,#1088,.T.);
#652=ORIENTED_EDGE('',*,*,#931,.T.);
#653=ORIENTED_EDGE('',*,*,#1087,.F.);
#654=ORIENTED_EDGE('',*,*,#1068,.F.);
#655=ORIENTED_EDGE('',*,*,#1089,.T.);
#656=ORIENTED_EDGE('',*,*,#928,.T.);
#657=ORIENTED_EDGE('',*,*,#1088,.F.);
#658=ORIENTED_EDGE('',*,*,#1069,.F.);
#659=ORIENTED_EDGE('',*,*,#1090,.T.);
#660=ORIENTED_EDGE('',*,*,#1091,.T.);
#661=ORIENTED_EDGE('',*,*,#922,.T.);
#662=ORIENTED_EDGE('',*,*,#1089,.F.);
#663=ORIENTED_EDGE('',*,*,#946,.F.);
#664=ORIENTED_EDGE('',*,*,#1092,.T.);
#665=ORIENTED_EDGE('',*,*,#901,.T.);
#666=ORIENTED_EDGE('',*,*,#909,.F.);
#667=ORIENTED_EDGE('',*,*,#979,.T.);
#668=ORIENTED_EDGE('',*,*,#1093,.F.);
#669=ORIENTED_EDGE('',*,*,#890,.F.);
#670=ORIENTED_EDGE('',*,*,#1094,.F.);
#671=ORIENTED_EDGE('',*,*,#1095,.F.);
#672=ORIENTED_EDGE('',*,*,#1096,.T.);
#673=ORIENTED_EDGE('',*,*,#898,.F.);
#674=ORIENTED_EDGE('',*,*,#896,.T.);
#675=ORIENTED_EDGE('',*,*,#1097,.F.);
#676=ORIENTED_EDGE('',*,*,#1098,.T.);
#677=ORIENTED_EDGE('',*,*,#1099,.T.);
#678=ORIENTED_EDGE('',*,*,#892,.T.);
#679=ORIENTED_EDGE('',*,*,#1100,.T.);
#680=ORIENTED_EDGE('',*,*,#878,.F.);
#681=ORIENTED_EDGE('',*,*,#1049,.T.);
#682=ORIENTED_EDGE('',*,*,#902,.F.);
#683=ORIENTED_EDGE('',*,*,#977,.T.);
#684=ORIENTED_EDGE('',*,*,#1101,.T.);
#685=ORIENTED_EDGE('',*,*,#1102,.T.);
#686=ORIENTED_EDGE('',*,*,#1103,.F.);
#687=ORIENTED_EDGE('',*,*,#1104,.T.);
#688=ORIENTED_EDGE('',*,*,#1105,.T.);
#689=ORIENTED_EDGE('',*,*,#880,.F.);
#690=ORIENTED_EDGE('',*,*,#1106,.F.);
#691=ORIENTED_EDGE('',*,*,#978,.F.);
#692=ORIENTED_EDGE('',*,*,#1103,.T.);
#693=ORIENTED_EDGE('',*,*,#1107,.T.);
#694=ORIENTED_EDGE('',*,*,#1106,.T.);
#695=ORIENTED_EDGE('',*,*,#879,.F.);
#696=ORIENTED_EDGE('',*,*,#1100,.F.);
#697=ORIENTED_EDGE('',*,*,#891,.F.);
#698=ORIENTED_EDGE('',*,*,#1093,.T.);
#699=ORIENTED_EDGE('',*,*,#1108,.T.);
#700=ORIENTED_EDGE('',*,*,#1109,.F.);
#701=ORIENTED_EDGE('',*,*,#1095,.T.);
#702=ORIENTED_EDGE('',*,*,#1110,.T.);
#703=ORIENTED_EDGE('',*,*,#1111,.T.);
#704=ORIENTED_EDGE('',*,*,#1112,.T.);
#705=ORIENTED_EDGE('',*,*,#1098,.F.);
#706=ORIENTED_EDGE('',*,*,#1113,.F.);
#707=ORIENTED_EDGE('',*,*,#1102,.F.);
#708=ORIENTED_EDGE('',*,*,#1114,.T.);
#709=ORIENTED_EDGE('',*,*,#1115,.T.);
#710=ORIENTED_EDGE('',*,*,#1116,.T.);
#711=ORIENTED_EDGE('',*,*,#1104,.F.);
#712=ORIENTED_EDGE('',*,*,#1107,.F.);
#713=ORIENTED_EDGE('',*,*,#1117,.T.);
#714=ORIENTED_EDGE('',*,*,#894,.T.);
#715=ORIENTED_EDGE('',*,*,#1118,.F.);
#716=ORIENTED_EDGE('',*,*,#1111,.F.);
#717=ORIENTED_EDGE('',*,*,#1118,.T.);
#718=ORIENTED_EDGE('',*,*,#893,.T.);
#719=ORIENTED_EDGE('',*,*,#1099,.F.);
#720=ORIENTED_EDGE('',*,*,#1112,.F.);
#721=ORIENTED_EDGE('',*,*,#1113,.T.);
#722=ORIENTED_EDGE('',*,*,#1097,.T.);
#723=ORIENTED_EDGE('',*,*,#895,.F.);
#724=ORIENTED_EDGE('',*,*,#1117,.F.);
#725=ORIENTED_EDGE('',*,*,#1119,.T.);
#726=ORIENTED_EDGE('',*,*,#900,.T.);
#727=ORIENTED_EDGE('',*,*,#1120,.F.);
#728=ORIENTED_EDGE('',*,*,#1108,.F.);
#729=ORIENTED_EDGE('',*,*,#1094,.T.);
#730=ORIENTED_EDGE('',*,*,#889,.T.);
#731=ORIENTED_EDGE('',*,*,#1119,.F.);
#732=ORIENTED_EDGE('',*,*,#1110,.F.);
#733=ORIENTED_EDGE('',*,*,#1109,.T.);
#734=ORIENTED_EDGE('',*,*,#1120,.T.);
#735=ORIENTED_EDGE('',*,*,#899,.F.);
#736=ORIENTED_EDGE('',*,*,#1096,.F.);
#737=ORIENTED_EDGE('',*,*,#976,.F.);
#738=ORIENTED_EDGE('',*,*,#912,.F.);
#739=ORIENTED_EDGE('',*,*,#1121,.F.);
#740=ORIENTED_EDGE('',*,*,#1114,.F.);
#741=ORIENTED_EDGE('',*,*,#1101,.F.);
#742=ORIENTED_EDGE('',*,*,#1105,.F.);
#743=ORIENTED_EDGE('',*,*,#1116,.F.);
#744=ORIENTED_EDGE('',*,*,#1122,.F.);
#745=ORIENTED_EDGE('',*,*,#917,.F.);
#746=ORIENTED_EDGE('',*,*,#881,.F.);
#747=ORIENTED_EDGE('',*,*,#1121,.T.);
#748=ORIENTED_EDGE('',*,*,#911,.F.);
#749=ORIENTED_EDGE('',*,*,#1122,.T.);
#750=ORIENTED_EDGE('',*,*,#1115,.F.);
#751=ORIENTED_EDGE('',*,*,#991,.F.);
#752=ORIENTED_EDGE('',*,*,#1070,.F.);
#753=ORIENTED_EDGE('',*,*,#885,.F.);
#754=ORIENTED_EDGE('',*,*,#1072,.F.);
#755=ORIENTED_EDGE('',*,*,#989,.F.);
#756=ORIENTED_EDGE('',*,*,#1077,.F.);
#757=ORIENTED_EDGE('',*,*,#887,.F.);
#758=ORIENTED_EDGE('',*,*,#1071,.F.);
#759=ORIENTED_EDGE('',*,*,#1123,.T.);
#760=ORIENTED_EDGE('',*,*,#1124,.T.);
#761=ORIENTED_EDGE('',*,*,#861,.F.);
#762=ORIENTED_EDGE('',*,*,#1078,.F.);
#763=ORIENTED_EDGE('',*,*,#987,.F.);
#764=ORIENTED_EDGE('',*,*,#1076,.F.);
#765=ORIENTED_EDGE('',*,*,#923,.F.);
#766=ORIENTED_EDGE('',*,*,#1125,.T.);
#767=ORIENTED_EDGE('',*,*,#1074,.F.);
#768=ORIENTED_EDGE('',*,*,#985,.F.);
#769=ORIENTED_EDGE('',*,*,#1126,.F.);
#770=ORIENTED_EDGE('',*,*,#1127,.T.);
#771=ORIENTED_EDGE('',*,*,#1128,.T.);
#772=ORIENTED_EDGE('',*,*,#871,.F.);
#773=ORIENTED_EDGE('',*,*,#1057,.F.);
#774=ORIENTED_EDGE('',*,*,#1129,.T.);
#775=ORIENTED_EDGE('',*,*,#1130,.F.);
#776=ORIENTED_EDGE('',*,*,#1131,.F.);
#777=ORIENTED_EDGE('',*,*,#846,.T.);
#778=ORIENTED_EDGE('',*,*,#974,.T.);
#779=ORIENTED_EDGE('',*,*,#973,.T.);
#780=ORIENTED_EDGE('',*,*,#1132,.F.);
#781=ORIENTED_EDGE('',*,*,#1133,.F.);
#782=ORIENTED_EDGE('',*,*,#1126,.T.);
#783=ORIENTED_EDGE('',*,*,#1132,.T.);
#784=ORIENTED_EDGE('',*,*,#972,.F.);
#785=ORIENTED_EDGE('',*,*,#921,.F.);
#786=ORIENTED_EDGE('',*,*,#1134,.T.);
#787=ORIENTED_EDGE('',*,*,#1135,.T.);
#788=ORIENTED_EDGE('',*,*,#1136,.F.);
#789=ORIENTED_EDGE('',*,*,#853,.T.);
#790=ORIENTED_EDGE('',*,*,#873,.T.);
#791=ORIENTED_EDGE('',*,*,#1137,.F.);
#792=ORIENTED_EDGE('',*,*,#1138,.F.);
#793=ORIENTED_EDGE('',*,*,#1139,.F.);
#794=ORIENTED_EDGE('',*,*,#1134,.F.);
#795=ORIENTED_EDGE('',*,*,#1083,.F.);
#796=ORIENTED_EDGE('',*,*,#1131,.T.);
#797=ORIENTED_EDGE('',*,*,#872,.F.);
#798=ORIENTED_EDGE('',*,*,#1128,.F.);
#799=ORIENTED_EDGE('',*,*,#1140,.T.);
#800=ORIENTED_EDGE('',*,*,#1137,.T.);
#801=ORIENTED_EDGE('',*,*,#1141,.F.);
#802=ORIENTED_EDGE('',*,*,#1129,.F.);
#803=ORIENTED_EDGE('',*,*,#1081,.F.);
#804=ORIENTED_EDGE('',*,*,#1136,.T.);
#805=ORIENTED_EDGE('',*,*,#1139,.T.);
#806=ORIENTED_EDGE('',*,*,#1130,.T.);
#807=ORIENTED_EDGE('',*,*,#1141,.T.);
#808=ORIENTED_EDGE('',*,*,#1135,.F.);
#809=ORIENTED_EDGE('',*,*,#1138,.T.);
#810=ORIENTED_EDGE('',*,*,#1140,.F.);
#811=ORIENTED_EDGE('',*,*,#1127,.F.);
#812=ORIENTED_EDGE('',*,*,#1133,.T.);
#813=ORIENTED_EDGE('',*,*,#1125,.F.);
#814=ORIENTED_EDGE('',*,*,#1091,.F.);
#815=ORIENTED_EDGE('',*,*,#1142,.F.);
#816=ORIENTED_EDGE('',*,*,#1142,.T.);
#817=ORIENTED_EDGE('',*,*,#1090,.F.);
#818=ORIENTED_EDGE('',*,*,#1143,.F.);
#819=ORIENTED_EDGE('',*,*,#1075,.F.);
#820=ORIENTED_EDGE('',*,*,#1143,.T.);
#821=ORIENTED_EDGE('',*,*,#1092,.F.);
#822=ORIENTED_EDGE('',*,*,#1144,.F.);
#823=ORIENTED_EDGE('',*,*,#1123,.F.);
#824=ORIENTED_EDGE('',*,*,#862,.F.);
#825=ORIENTED_EDGE('',*,*,#1124,.F.);
#826=ORIENTED_EDGE('',*,*,#1144,.T.);
#827=ORIENTED_EDGE('',*,*,#945,.F.);
#828=ORIENTED_EDGE('',*,*,#1043,.F.);
#829=ORIENTED_EDGE('',*,*,#967,.F.);
#830=ORIENTED_EDGE('',*,*,#1145,.F.);
#831=ORIENTED_EDGE('',*,*,#919,.F.);
#832=ORIENTED_EDGE('',*,*,#971,.F.);
#833=ORIENTED_EDGE('',*,*,#1145,.T.);
#834=ORIENTED_EDGE('',*,*,#966,.F.);
#835=ORIENTED_EDGE('',*,*,#1146,.F.);
#836=ORIENTED_EDGE('',*,*,#1079,.F.);
#837=ORIENTED_EDGE('',*,*,#1146,.T.);
#838=ORIENTED_EDGE('',*,*,#950,.F.);
#839=ORIENTED_EDGE('',*,*,#1147,.F.);
#840=ORIENTED_EDGE('',*,*,#1080,.F.);
#841=ORIENTED_EDGE('',*,*,#1147,.T.);
#842=ORIENTED_EDGE('',*,*,#949,.F.);
#843=ORIENTED_EDGE('',*,*,#1045,.F.);
#844=ORIENTED_EDGE('',*,*,#874,.F.);
#845=ORIENTED_EDGE('',*,*,#851,.F.);
#846=EDGE_CURVE('',#1148,#1149,#1356,.T.);
#847=EDGE_CURVE('',#1150,#1148,#1357,.T.);
#848=EDGE_CURVE('',#1150,#1151,#1358,.T.);
#849=EDGE_CURVE('',#1151,#1149,#1359,.T.);
#850=EDGE_CURVE('',#1152,#1153,#1360,.T.);
#851=EDGE_CURVE('',#1153,#1154,#1361,.T.);
#852=EDGE_CURVE('',#1154,#1155,#1362,.F.);
#853=EDGE_CURVE('',#1152,#1155,#1363,.T.);
#854=EDGE_CURVE('',#1156,#1156,#111,.F.);
#855=EDGE_CURVE('',#1157,#1157,#112,.F.);
#856=EDGE_CURVE('',#1158,#1158,#113,.F.);
#857=EDGE_CURVE('',#1159,#1159,#114,.F.);
#858=EDGE_CURVE('',#1160,#1160,#115,.F.);
#859=EDGE_CURVE('',#1161,#1161,#116,.F.);
#860=EDGE_CURVE('',#1162,#1162,#117,.F.);
#861=EDGE_CURVE('',#1163,#1164,#118,.F.);
#862=EDGE_CURVE('',#1164,#1165,#119,.T.);
#863=EDGE_CURVE('',#1166,#1165,#1364,.T.);
#864=EDGE_CURVE('',#1167,#1166,#120,.F.);
#865=EDGE_CURVE('',#1168,#1167,#121,.T.);
#866=EDGE_CURVE('',#1169,#1168,#122,.F.);
#867=EDGE_CURVE('',#1170,#1169,#123,.F.);
#868=EDGE_CURVE('',#1171,#1170,#124,.F.);
#869=EDGE_CURVE('',#1172,#1171,#125,.T.);
#870=EDGE_CURVE('',#1173,#1172,#1365,.F.);
#871=EDGE_CURVE('',#1173,#1174,#1366,.T.);
#872=EDGE_CURVE('',#1174,#1175,#1367,.T.);
#873=EDGE_CURVE('',#1155,#1175,#1368,.T.);
#874=EDGE_CURVE('',#1154,#1176,#126,.T.);
#875=EDGE_CURVE('',#1176,#1177,#1369,.T.);
#876=EDGE_CURVE('',#1177,#1178,#127,.T.);
#877=EDGE_CURVE('',#1178,#1179,#1370,.T.);
#878=EDGE_CURVE('',#1179,#1180,#1371,.T.);
#879=EDGE_CURVE('',#1180,#1181,#1372,.T.);
#880=EDGE_CURVE('',#1181,#1182,#1373,.T.);
#881=EDGE_CURVE('',#1182,#1183,#128,.F.);
#882=EDGE_CURVE('',#1183,#1184,#1374,.T.);
#883=EDGE_CURVE('',#1184,#1185,#129,.T.);
#884=EDGE_CURVE('',#1185,#1186,#1375,.T.);
#885=EDGE_CURVE('',#1186,#1187,#130,.F.);
#886=EDGE_CURVE('',#1187,#1188,#1376,.T.);
#887=EDGE_CURVE('',#1188,#1189,#131,.F.);
#888=EDGE_CURVE('',#1189,#1163,#132,.T.);
#889=EDGE_CURVE('',#1190,#1191,#1377,.T.);
#890=EDGE_CURVE('',#1190,#1192,#1378,.T.);
#891=EDGE_CURVE('',#1192,#1193,#1379,.T.);
#892=EDGE_CURVE('',#1194,#1193,#1380,.T.);
#893=EDGE_CURVE('',#1195,#1194,#1381,.T.);
#894=EDGE_CURVE('',#1196,#1195,#1382,.T.);
#895=EDGE_CURVE('',#1196,#1197,#1383,.T.);
#896=EDGE_CURVE('',#1198,#1197,#1384,.T.);
#897=EDGE_CURVE('',#1199,#1198,#1385,.T.);
#898=EDGE_CURVE('',#1199,#1200,#1386,.T.);
#899=EDGE_CURVE('',#1200,#1201,#1387,.T.);
#900=EDGE_CURVE('',#1191,#1201,#1388,.T.);
#901=EDGE_CURVE('',#1199,#1202,#1389,.T.);
#902=EDGE_CURVE('',#1198,#1203,#1390,.T.);
#903=EDGE_CURVE('',#1203,#1204,#1391,.T.);
#904=EDGE_CURVE('',#1204,#1205,#1392,.T.);
#905=EDGE_CURVE('',#1205,#1206,#1393,.T.);
#906=EDGE_CURVE('',#1206,#1207,#1394,.F.);
#907=EDGE_CURVE('',#1207,#1202,#1395,.T.);
#908=EDGE_CURVE('',#1208,#1209,#1396,.T.);
#909=EDGE_CURVE('',#1208,#1202,#1397,.T.);
#910=EDGE_CURVE('',#1207,#1209,#1398,.T.);
#911=EDGE_CURVE('',#1210,#1211,#1399,.F.);
#912=EDGE_CURVE('',#1211,#1212,#1400,.F.);
#913=EDGE_CURVE('',#1213,#1212,#1401,.T.);
#914=EDGE_CURVE('',#1214,#1213,#1402,.T.);
#915=EDGE_CURVE('',#1214,#1215,#1403,.T.);
#916=EDGE_CURVE('',#1215,#1184,#1404,.T.);
#917=EDGE_CURVE('',#1183,#1210,#1405,.F.);
#918=EDGE_CURVE('',#1216,#1217,#1406,.T.);
#919=EDGE_CURVE('',#1217,#1218,#1407,.T.);
#920=EDGE_CURVE('',#1219,#1218,#1408,.T.);
#921=EDGE_CURVE('',#1219,#1216,#1409,.T.);
#922=EDGE_CURVE('',#1220,#1221,#1410,.T.);
#923=EDGE_CURVE('',#1220,#1222,#1411,.F.);
#924=EDGE_CURVE('',#1222,#1223,#1412,.T.);
#925=EDGE_CURVE('',#1223,#1224,#1413,.T.);
#926=EDGE_CURVE('',#1224,#1225,#1414,.F.);
#927=EDGE_CURVE('',#1221,#1225,#1415,.T.);
#928=EDGE_CURVE('',#1221,#1226,#133,.T.);
#929=EDGE_CURVE('',#1225,#1227,#134,.T.);
#930=EDGE_CURVE('',#1226,#1227,#1416,.T.);
#931=EDGE_CURVE('',#1226,#1228,#135,.T.);
#932=EDGE_CURVE('',#1227,#1229,#136,.F.);
#933=EDGE_CURVE('',#1228,#1229,#1417,.T.);
#934=EDGE_CURVE('',#1228,#1230,#137,.T.);
#935=EDGE_CURVE('',#1229,#1231,#138,.T.);
#936=EDGE_CURVE('',#1230,#1231,#1418,.T.);
#937=EDGE_CURVE('',#1230,#1232,#139,.T.);
#938=EDGE_CURVE('',#1231,#1233,#140,.T.);
#939=EDGE_CURVE('',#1232,#1233,#1419,.T.);
#940=EDGE_CURVE('',#1232,#1234,#141,.T.);
#941=EDGE_CURVE('',#1233,#1235,#142,.T.);
#942=EDGE_CURVE('',#1234,#1235,#1420,.T.);
#943=EDGE_CURVE('',#1234,#1150,#143,.T.);
#944=EDGE_CURVE('',#1235,#1151,#144,.F.);
#945=EDGE_CURVE('',#1165,#1236,#1421,.F.);
#946=EDGE_CURVE('',#1236,#1237,#1422,.T.);
#947=EDGE_CURVE('',#1237,#1166,#1423,.T.);
#948=EDGE_CURVE('',#1238,#1239,#1424,.T.);
#949=EDGE_CURVE('',#1239,#1240,#1425,.F.);
#950=EDGE_CURVE('',#1240,#1241,#145,.T.);
#951=EDGE_CURVE('',#1241,#1242,#1426,.T.);
#952=EDGE_CURVE('',#1242,#1243,#1427,.T.);
#953=EDGE_CURVE('',#1243,#1238,#1428,.F.);
#954=EDGE_CURVE('',#1244,#1244,#146,.F.);
#955=EDGE_CURVE('',#1245,#1245,#147,.F.);
#956=EDGE_CURVE('',#1246,#1246,#148,.F.);
#957=EDGE_CURVE('',#1247,#1247,#149,.F.);
#958=EDGE_CURVE('',#1248,#1248,#150,.F.);
#959=EDGE_CURVE('',#1249,#1249,#151,.F.);
#960=EDGE_CURVE('',#1250,#1250,#152,.F.);
#961=EDGE_CURVE('',#1251,#1251,#153,.F.);
#962=EDGE_CURVE('',#1252,#1253,#1429,.T.);
#963=EDGE_CURVE('',#1252,#1254,#1430,.T.);
#964=EDGE_CURVE('',#1254,#1255,#1431,.T.);
#965=EDGE_CURVE('',#1255,#1253,#1432,.T.);
#966=EDGE_CURVE('',#1241,#1256,#54,.T.);
#967=EDGE_CURVE('',#1256,#1257,#1433,.F.);
#968=EDGE_CURVE('',#1257,#1252,#154,.F.);
#969=EDGE_CURVE('',#1253,#1242,#155,.T.);
#970=EDGE_CURVE('',#1258,#1259,#156,.T.);
#971=EDGE_CURVE('',#1259,#1217,#157,.T.);
#972=EDGE_CURVE('',#1216,#1260,#1434,.T.);
#973=EDGE_CURVE('',#1261,#1260,#1435,.T.);
#974=EDGE_CURVE('',#1149,#1261,#1436,.T.);
#975=EDGE_CURVE('',#1224,#1213,#158,.T.);
#976=EDGE_CURVE('',#1212,#1262,#159,.F.);
#977=EDGE_CURVE('',#1263,#1262,#1437,.T.);
#978=EDGE_CURVE('',#1263,#1264,#1438,.T.);
#979=EDGE_CURVE('',#1208,#1264,#1439,.T.);
#980=EDGE_CURVE('',#1209,#1265,#160,.T.);
#981=EDGE_CURVE('',#1265,#1258,#1440,.T.);
#982=EDGE_CURVE('',#1266,#1266,#161,.F.);
#983=EDGE_CURVE('',#1267,#1267,#162,.F.);
#984=EDGE_CURVE('',#1268,#1268,#163,.F.);
#985=EDGE_CURVE('',#1222,#1269,#164,.T.);
#986=EDGE_CURVE('',#1270,#1269,#1441,.T.);
#987=EDGE_CURVE('',#1270,#1271,#165,.T.);
#988=EDGE_CURVE('',#1272,#1271,#166,.T.);
#989=EDGE_CURVE('',#1272,#1273,#167,.T.);
#990=EDGE_CURVE('',#1274,#1273,#1442,.T.);
#991=EDGE_CURVE('',#1274,#1275,#168,.T.);
#992=EDGE_CURVE('',#1276,#1275,#1443,.T.);
#993=EDGE_CURVE('',#1215,#1276,#169,.F.);
#994=EDGE_CURVE('',#1223,#1214,#170,.F.);
#995=EDGE_CURVE('',#1277,#1277,#171,.T.);
#996=EDGE_CURVE('',#1278,#1278,#172,.T.);
#997=EDGE_CURVE('',#1279,#1279,#173,.T.);
#998=EDGE_CURVE('',#1280,#1280,#174,.T.);
#999=EDGE_CURVE('',#1281,#1281,#175,.T.);
#1000=EDGE_CURVE('',#1282,#1282,#176,.T.);
#1001=EDGE_CURVE('',#1283,#1283,#177,.T.);
#1002=EDGE_CURVE('',#1284,#1284,#178,.T.);
#1003=EDGE_CURVE('',#1285,#1285,#179,.T.);
#1004=EDGE_CURVE('',#1286,#1286,#180,.T.);
#1005=EDGE_CURVE('',#1287,#1288,#181,.F.);
#1006=EDGE_CURVE('',#1288,#1289,#1444,.T.);
#1007=EDGE_CURVE('',#1289,#1290,#182,.F.);
#1008=EDGE_CURVE('',#1290,#1291,#1445,.T.);
#1009=EDGE_CURVE('',#1291,#1292,#183,.F.);
#1010=EDGE_CURVE('',#1292,#1287,#1446,.T.);
#1011=EDGE_CURVE('',#1293,#1293,#184,.T.);
#1012=EDGE_CURVE('',#1294,#1294,#185,.F.);
#1013=EDGE_CURVE('',#1295,#1295,#186,.T.);
#1014=EDGE_CURVE('',#1296,#1296,#187,.F.);
#1015=EDGE_CURVE('',#1297,#1297,#188,.T.);
#1016=EDGE_CURVE('',#1298,#1298,#189,.F.);
#1017=EDGE_CURVE('',#1299,#1299,#190,.T.);
#1018=EDGE_CURVE('',#1300,#1300,#191,.F.);
#1019=EDGE_CURVE('',#1301,#1301,#192,.T.);
#1020=EDGE_CURVE('',#1302,#1302,#193,.F.);
#1021=EDGE_CURVE('',#1303,#1303,#194,.T.);
#1022=EDGE_CURVE('',#1304,#1304,#195,.F.);
#1023=EDGE_CURVE('',#1254,#1207,#196,.F.);
#1024=EDGE_CURVE('',#1206,#1255,#197,.T.);
#1025=EDGE_CURVE('',#1204,#1238,#198,.F.);
#1026=EDGE_CURVE('',#1243,#1205,#199,.T.);
#1027=EDGE_CURVE('',#1305,#1305,#200,.T.);
#1028=EDGE_CURVE('',#1306,#1306,#201,.F.);
#1029=EDGE_CURVE('',#1307,#1307,#202,.T.);
#1030=EDGE_CURVE('',#1308,#1308,#203,.F.);
#1031=EDGE_CURVE('',#1309,#1309,#204,.T.);
#1032=EDGE_CURVE('',#1310,#1310,#205,.F.);
#1033=EDGE_CURVE('',#1311,#1311,#206,.T.);
#1034=EDGE_CURVE('',#1312,#1312,#207,.F.);
#1035=EDGE_CURVE('',#1313,#1313,#208,.T.);
#1036=EDGE_CURVE('',#1314,#1314,#209,.T.);
#1037=EDGE_CURVE('',#1315,#1315,#210,.T.);
#1038=EDGE_CURVE('',#1316,#1316,#211,.T.);
#1039=EDGE_CURVE('',#1317,#1317,#212,.T.);
#1040=EDGE_CURVE('',#1318,#1318,#213,.T.);
#1041=EDGE_CURVE('',#1319,#1319,#214,.T.);
#1042=EDGE_CURVE('',#1320,#1320,#215,.T.);
#1043=EDGE_CURVE('',#1257,#1259,#55,.T.);
#1044=EDGE_CURVE('',#1252,#1258,#1447,.T.);
#1045=EDGE_CURVE('',#1176,#1239,#23,.T.);
#1046=EDGE_CURVE('',#1177,#1238,#1448,.T.);
#1047=EDGE_CURVE('',#1254,#1265,#1449,.T.);
#1048=EDGE_CURVE('',#1178,#1204,#1450,.T.);
#1049=EDGE_CURVE('',#1179,#1203,#1451,.T.);
#1050=EDGE_CURVE('',#1292,#1253,#1452,.T.);
#1051=EDGE_CURVE('',#1242,#1291,#1453,.T.);
#1052=EDGE_CURVE('',#1243,#1290,#1454,.T.);
#1053=EDGE_CURVE('',#1287,#1255,#1455,.T.);
#1054=EDGE_CURVE('',#1205,#1289,#1456,.T.);
#1055=EDGE_CURVE('',#1288,#1206,#1457,.T.);
#1056=EDGE_CURVE('',#1321,#1322,#1458,.T.);
#1057=EDGE_CURVE('',#1322,#1173,#1459,.T.);
#1058=EDGE_CURVE('',#1321,#1172,#1460,.T.);
#1059=EDGE_CURVE('',#1323,#1171,#1461,.T.);
#1060=EDGE_CURVE('',#1323,#1321,#216,.T.);
#1061=EDGE_CURVE('',#1324,#1170,#1462,.T.);
#1062=EDGE_CURVE('',#1324,#1323,#217,.T.);
#1063=EDGE_CURVE('',#1325,#1169,#1463,.T.);
#1064=EDGE_CURVE('',#1325,#1324,#218,.T.);
#1065=EDGE_CURVE('',#1326,#1168,#1464,.T.);
#1066=EDGE_CURVE('',#1326,#1325,#219,.T.);
#1067=EDGE_CURVE('',#1327,#1167,#1465,.T.);
#1068=EDGE_CURVE('',#1327,#1326,#220,.T.);
#1069=EDGE_CURVE('',#1237,#1327,#221,.T.);
#1070=EDGE_CURVE('',#1187,#1274,#1466,.F.);
#1071=EDGE_CURVE('',#1273,#1188,#1467,.F.);
#1072=EDGE_CURVE('',#1275,#1186,#1468,.T.);
#1073=EDGE_CURVE('',#1276,#1185,#1469,.T.);
#1074=EDGE_CURVE('',#1269,#1328,#1470,.T.);
#1075=EDGE_CURVE('',#1328,#1329,#222,.F.);
#1076=EDGE_CURVE('',#1329,#1270,#1471,.T.);
#1077=EDGE_CURVE('',#1189,#1272,#1472,.F.);
#1078=EDGE_CURVE('',#1271,#1163,#1473,.T.);
#1079=EDGE_CURVE('',#1218,#1330,#56,.T.);
#1080=EDGE_CURVE('',#1330,#1153,#223,.F.);
#1081=EDGE_CURVE('',#1152,#1322,#1474,.F.);
#1082=EDGE_CURVE('',#1321,#1150,#224,.T.);
#1083=EDGE_CURVE('',#1148,#1219,#1475,.T.);
#1084=EDGE_CURVE('',#1323,#1234,#225,.T.);
#1085=EDGE_CURVE('',#1324,#1232,#226,.T.);
#1086=EDGE_CURVE('',#1325,#1230,#227,.T.);
#1087=EDGE_CURVE('',#1326,#1228,#228,.T.);
#1088=EDGE_CURVE('',#1327,#1226,#229,.T.);
#1089=EDGE_CURVE('',#1237,#1221,#230,.T.);
#1090=EDGE_CURVE('',#1331,#1332,#231,.T.);
#1091=EDGE_CURVE('',#1332,#1220,#57,.T.);
#1092=EDGE_CURVE('',#1236,#1331,#58,.T.);
#1093=EDGE_CURVE('',#1192,#1264,#1476,.T.);
#1094=EDGE_CURVE('',#1333,#1190,#1477,.T.);
#1095=EDGE_CURVE('',#1334,#1333,#1478,.T.);
#1096=EDGE_CURVE('',#1334,#1200,#1479,.T.);
#1097=EDGE_CURVE('',#1335,#1197,#1480,.T.);
#1098=EDGE_CURVE('',#1335,#1336,#1481,.T.);
#1099=EDGE_CURVE('',#1336,#1194,#1482,.T.);
#1100=EDGE_CURVE('',#1193,#1180,#1483,.T.);
#1101=EDGE_CURVE('',#1262,#1337,#1484,.T.);
#1102=EDGE_CURVE('',#1337,#1338,#1485,.T.);
#1103=EDGE_CURVE('',#1263,#1338,#1486,.T.);
#1104=EDGE_CURVE('',#1339,#1340,#1487,.T.);
#1105=EDGE_CURVE('',#1340,#1182,#1488,.T.);
#1106=EDGE_CURVE('',#1339,#1181,#1489,.T.);
#1107=EDGE_CURVE('',#1338,#1339,#1490,.T.);
#1108=EDGE_CURVE('',#1341,#1342,#1491,.T.);
#1109=EDGE_CURVE('',#1334,#1342,#1492,.T.);
#1110=EDGE_CURVE('',#1333,#1341,#1493,.T.);
#1111=EDGE_CURVE('',#1343,#1344,#1494,.T.);
#1112=EDGE_CURVE('',#1344,#1336,#1495,.T.);
#1113=EDGE_CURVE('',#1343,#1335,#1496,.T.);
#1114=EDGE_CURVE('',#1337,#1345,#24,.F.);
#1115=EDGE_CURVE('',#1345,#1346,#1497,.T.);
#1116=EDGE_CURVE('',#1346,#1340,#25,.F.);
#1117=EDGE_CURVE('',#1343,#1196,#1498,.T.);
#1118=EDGE_CURVE('',#1344,#1195,#1499,.T.);
#1119=EDGE_CURVE('',#1341,#1191,#1500,.T.);
#1120=EDGE_CURVE('',#1342,#1201,#1501,.T.);
#1121=EDGE_CURVE('',#1345,#1211,#26,.F.);
#1122=EDGE_CURVE('',#1210,#1346,#27,.T.);
#1123=EDGE_CURVE('',#1329,#1347,#59,.T.);
#1124=EDGE_CURVE('',#1347,#1164,#1502,.T.);
#1125=EDGE_CURVE('',#1220,#1328,#60,.F.);
#1126=EDGE_CURVE('',#1348,#1261,#1503,.T.);
#1127=EDGE_CURVE('',#1348,#1349,#232,.T.);
#1128=EDGE_CURVE('',#1349,#1174,#1504,.T.);
#1129=EDGE_CURVE('',#1322,#1350,#1505,.T.);
#1130=EDGE_CURVE('',#1351,#1350,#233,.T.);
#1131=EDGE_CURVE('',#1148,#1351,#1506,.T.);
#1132=EDGE_CURVE('',#1352,#1260,#1507,.T.);
#1133=EDGE_CURVE('',#1348,#1352,#1508,.T.);
#1134=EDGE_CURVE('',#1219,#1353,#1509,.T.);
#1135=EDGE_CURVE('',#1353,#1354,#234,.T.);
#1136=EDGE_CURVE('',#1152,#1354,#1510,.T.);
#1137=EDGE_CURVE('',#1355,#1175,#1511,.T.);
#1138=EDGE_CURVE('',#1352,#1355,#235,.T.);
#1139=EDGE_CURVE('',#1353,#1351,#1512,.F.);
#1140=EDGE_CURVE('',#1349,#1355,#1513,.T.);
#1141=EDGE_CURVE('',#1350,#1354,#1514,.T.);
#1142=EDGE_CURVE('',#1328,#1332,#236,.T.);
#1143=EDGE_CURVE('',#1329,#1331,#237,.T.);
#1144=EDGE_CURVE('',#1347,#1236,#238,.T.);
#1145=EDGE_CURVE('',#1218,#1256,#239,.T.);
#1146=EDGE_CURVE('',#1330,#1241,#240,.T.);
#1147=EDGE_CURVE('',#1153,#1240,#241,.T.);
#1148=VERTEX_POINT('',#3260);
#1149=VERTEX_POINT('',#3261);
#1150=VERTEX_POINT('',#3263);
#1151=VERTEX_POINT('',#3265);
#1152=VERTEX_POINT('',#3269);
#1153=VERTEX_POINT('',#3270);
#1154=VERTEX_POINT('',#3272);
#1155=VERTEX_POINT('',#3274);
#1156=VERTEX_POINT('',#3278);
#1157=VERTEX_POINT('',#3280);
#1158=VERTEX_POINT('',#3282);
#1159=VERTEX_POINT('',#3284);
#1160=VERTEX_POINT('',#3286);
#1161=VERTEX_POINT('',#3288);
#1162=VERTEX_POINT('',#3290);
#1163=VERTEX_POINT('',#3292);
#1164=VERTEX_POINT('',#3293);
#1165=VERTEX_POINT('',#3295);
#1166=VERTEX_POINT('',#3297);
#1167=VERTEX_POINT('',#3299);
#1168=VERTEX_POINT('',#3301);
#1169=VERTEX_POINT('',#3303);
#1170=VERTEX_POINT('',#3305);
#1171=VERTEX_POINT('',#3307);
#1172=VERTEX_POINT('',#3309);
#1173=VERTEX_POINT('',#3311);
#1174=VERTEX_POINT('',#3313);
#1175=VERTEX_POINT('',#3315);
#1176=VERTEX_POINT('',#3318);
#1177=VERTEX_POINT('',#3320);
#1178=VERTEX_POINT('',#3322);
#1179=VERTEX_POINT('',#3324);
#1180=VERTEX_POINT('',#3326);
#1181=VERTEX_POINT('',#3328);
#1182=VERTEX_POINT('',#3330);
#1183=VERTEX_POINT('',#3332);
#1184=VERTEX_POINT('',#3334);
#1185=VERTEX_POINT('',#3336);
#1186=VERTEX_POINT('',#3338);
#1187=VERTEX_POINT('',#3340);
#1188=VERTEX_POINT('',#3342);
#1189=VERTEX_POINT('',#3344);
#1190=VERTEX_POINT('',#3348);
#1191=VERTEX_POINT('',#3349);
#1192=VERTEX_POINT('',#3351);
#1193=VERTEX_POINT('',#3353);
#1194=VERTEX_POINT('',#3355);
#1195=VERTEX_POINT('',#3357);
#1196=VERTEX_POINT('',#3359);
#1197=VERTEX_POINT('',#3361);
#1198=VERTEX_POINT('',#3363);
#1199=VERTEX_POINT('',#3365);
#1200=VERTEX_POINT('',#3367);
#1201=VERTEX_POINT('',#3369);
#1202=VERTEX_POINT('',#3373);
#1203=VERTEX_POINT('',#3375);
#1204=VERTEX_POINT('',#3377);
#1205=VERTEX_POINT('',#3379);
#1206=VERTEX_POINT('',#3381);
#1207=VERTEX_POINT('',#3383);
#1208=VERTEX_POINT('',#3387);
#1209=VERTEX_POINT('',#3388);
#1210=VERTEX_POINT('',#3393);
#1211=VERTEX_POINT('',#3394);
#1212=VERTEX_POINT('',#3396);
#1213=VERTEX_POINT('',#3398);
#1214=VERTEX_POINT('',#3400);
#1215=VERTEX_POINT('',#3402);
#1216=VERTEX_POINT('',#3407);
#1217=VERTEX_POINT('',#3408);
#1218=VERTEX_POINT('',#3410);
#1219=VERTEX_POINT('',#3412);
#1220=VERTEX_POINT('',#3416);
#1221=VERTEX_POINT('',#3417);
#1222=VERTEX_POINT('',#3419);
#1223=VERTEX_POINT('',#3421);
#1224=VERTEX_POINT('',#3423);
#1225=VERTEX_POINT('',#3425);
#1226=VERTEX_POINT('',#3429);
#1227=VERTEX_POINT('',#3431);
#1228=VERTEX_POINT('',#3435);
#1229=VERTEX_POINT('',#3437);
#1230=VERTEX_POINT('',#3441);
#1231=VERTEX_POINT('',#3443);
#1232=VERTEX_POINT('',#3447);
#1233=VERTEX_POINT('',#3449);
#1234=VERTEX_POINT('',#3453);
#1235=VERTEX_POINT('',#3455);
#1236=VERTEX_POINT('',#3462);
#1237=VERTEX_POINT('',#3464);
#1238=VERTEX_POINT('',#3468);
#1239=VERTEX_POINT('',#3469);
#1240=VERTEX_POINT('',#3471);
#1241=VERTEX_POINT('',#3473);
#1242=VERTEX_POINT('',#3475);
#1243=VERTEX_POINT('',#3477);
#1244=VERTEX_POINT('',#3481);
#1245=VERTEX_POINT('',#3483);
#1246=VERTEX_POINT('',#3486);
#1247=VERTEX_POINT('',#3488);
#1248=VERTEX_POINT('',#3491);
#1249=VERTEX_POINT('',#3493);
#1250=VERTEX_POINT('',#3496);
#1251=VERTEX_POINT('',#3498);
#1252=VERTEX_POINT('',#3501);
#1253=VERTEX_POINT('',#3502);
#1254=VERTEX_POINT('',#3504);
#1255=VERTEX_POINT('',#3506);
#1256=VERTEX_POINT('',#3514);
#1257=VERTEX_POINT('',#3516);
#1258=VERTEX_POINT('',#3521);
#1259=VERTEX_POINT('',#3522);
#1260=VERTEX_POINT('',#3525);
#1261=VERTEX_POINT('',#3527);
#1262=VERTEX_POINT('',#3531);
#1263=VERTEX_POINT('',#3533);
#1264=VERTEX_POINT('',#3535);
#1265=VERTEX_POINT('',#3538);
#1266=VERTEX_POINT('',#3541);
#1267=VERTEX_POINT('',#3543);
#1268=VERTEX_POINT('',#3545);
#1269=VERTEX_POINT('',#3548);
#1270=VERTEX_POINT('',#3550);
#1271=VERTEX_POINT('',#3552);
#1272=VERTEX_POINT('',#3554);
#1273=VERTEX_POINT('',#3556);
#1274=VERTEX_POINT('',#3558);
#1275=VERTEX_POINT('',#3560);
#1276=VERTEX_POINT('',#3562);
#1277=VERTEX_POINT('',#3566);
#1278=VERTEX_POINT('',#3568);
#1279=VERTEX_POINT('',#3570);
#1280=VERTEX_POINT('',#3572);
#1281=VERTEX_POINT('',#3574);
#1282=VERTEX_POINT('',#3576);
#1283=VERTEX_POINT('',#3578);
#1284=VERTEX_POINT('',#3580);
#1285=VERTEX_POINT('',#3582);
#1286=VERTEX_POINT('',#3584);
#1287=VERTEX_POINT('',#3586);
#1288=VERTEX_POINT('',#3587);
#1289=VERTEX_POINT('',#3589);
#1290=VERTEX_POINT('',#3591);
#1291=VERTEX_POINT('',#3593);
#1292=VERTEX_POINT('',#3595);
#1293=VERTEX_POINT('',#3599);
#1294=VERTEX_POINT('',#3601);
#1295=VERTEX_POINT('',#3604);
#1296=VERTEX_POINT('',#3606);
#1297=VERTEX_POINT('',#3609);
#1298=VERTEX_POINT('',#3611);
#1299=VERTEX_POINT('',#3614);
#1300=VERTEX_POINT('',#3616);
#1301=VERTEX_POINT('',#3619);
#1302=VERTEX_POINT('',#3621);
#1303=VERTEX_POINT('',#3624);
#1304=VERTEX_POINT('',#3626);
#1305=VERTEX_POINT('',#3635);
#1306=VERTEX_POINT('',#3638);
#1307=VERTEX_POINT('',#3641);
#1308=VERTEX_POINT('',#3644);
#1309=VERTEX_POINT('',#3647);
#1310=VERTEX_POINT('',#3650);
#1311=VERTEX_POINT('',#3653);
#1312=VERTEX_POINT('',#3656);
#1313=VERTEX_POINT('',#3659);
#1314=VERTEX_POINT('',#3662);
#1315=VERTEX_POINT('',#3665);
#1316=VERTEX_POINT('',#3668);
#1317=VERTEX_POINT('',#3671);
#1318=VERTEX_POINT('',#3674);
#1319=VERTEX_POINT('',#3677);
#1320=VERTEX_POINT('',#3680);
#1321=VERTEX_POINT('',#3731);
#1322=VERTEX_POINT('',#3732);
#1323=VERTEX_POINT('',#3737);
#1324=VERTEX_POINT('',#3741);
#1325=VERTEX_POINT('',#3745);
#1326=VERTEX_POINT('',#3749);
#1327=VERTEX_POINT('',#3753);
#1328=VERTEX_POINT('',#3767);
#1329=VERTEX_POINT('',#3769);
#1330=VERTEX_POINT('',#3780);
#1331=VERTEX_POINT('',#3799);
#1332=VERTEX_POINT('',#3800);
#1333=VERTEX_POINT('',#3814);
#1334=VERTEX_POINT('',#3816);
#1335=VERTEX_POINT('',#3820);
#1336=VERTEX_POINT('',#3822);
#1337=VERTEX_POINT('',#3827);
#1338=VERTEX_POINT('',#3829);
#1339=VERTEX_POINT('',#3833);
#1340=VERTEX_POINT('',#3834);
#1341=VERTEX_POINT('',#3841);
#1342=VERTEX_POINT('',#3842);
#1343=VERTEX_POINT('',#3846);
#1344=VERTEX_POINT('',#3847);
#1345=VERTEX_POINT('',#3851);
#1346=VERTEX_POINT('',#3853);
#1347=VERTEX_POINT('',#3878);
#1348=VERTEX_POINT('',#3889);
#1349=VERTEX_POINT('',#3891);
#1350=VERTEX_POINT('',#3894);
#1351=VERTEX_POINT('',#3896);
#1352=VERTEX_POINT('',#3900);
#1353=VERTEX_POINT('',#3904);
#1354=VERTEX_POINT('',#3906);
#1355=VERTEX_POINT('',#3909);
#1356=LINE('',#3259,#1515);
#1357=LINE('',#3262,#1516);
#1358=LINE('',#3264,#1517);
#1359=LINE('',#3266,#1518);
#1360=LINE('',#3268,#1519);
#1361=LINE('',#3271,#1520);
#1362=LINE('',#3273,#1521);
#1363=LINE('',#3275,#1522);
#1364=LINE('',#3296,#1523);
#1365=LINE('',#3310,#1524);
#1366=LINE('',#3312,#1525);
#1367=LINE('',#3314,#1526);
#1368=LINE('',#3316,#1527);
#1369=LINE('',#3319,#1528);
#1370=LINE('',#3323,#1529);
#1371=LINE('',#3325,#1530);
#1372=LINE('',#3327,#1531);
#1373=LINE('',#3329,#1532);
#1374=LINE('',#3333,#1533);
#1375=LINE('',#3337,#1534);
#1376=LINE('',#3341,#1535);
#1377=LINE('',#3347,#1536);
#1378=LINE('',#3350,#1537);
#1379=LINE('',#3352,#1538);
#1380=LINE('',#3354,#1539);
#1381=LINE('',#3356,#1540);
#1382=LINE('',#3358,#1541);
#1383=LINE('',#3360,#1542);
#1384=LINE('',#3362,#1543);
#1385=LINE('',#3364,#1544);
#1386=LINE('',#3366,#1545);
#1387=LINE('',#3368,#1546);
#1388=LINE('',#3370,#1547);
#1389=LINE('',#3372,#1548);
#1390=LINE('',#3374,#1549);
#1391=LINE('',#3376,#1550);
#1392=LINE('',#3378,#1551);
#1393=LINE('',#3380,#1552);
#1394=LINE('',#3382,#1553);
#1395=LINE('',#3384,#1554);
#1396=LINE('',#3386,#1555);
#1397=LINE('',#3389,#1556);
#1398=LINE('',#3390,#1557);
#1399=LINE('',#3392,#1558);
#1400=LINE('',#3395,#1559);
#1401=LINE('',#3397,#1560);
#1402=LINE('',#3399,#1561);
#1403=LINE('',#3401,#1562);
#1404=LINE('',#3403,#1563);
#1405=LINE('',#3404,#1564);
#1406=LINE('',#3406,#1565);
#1407=LINE('',#3409,#1566);
#1408=LINE('',#3411,#1567);
#1409=LINE('',#3413,#1568);
#1410=LINE('',#3415,#1569);
#1411=LINE('',#3418,#1570);
#1412=LINE('',#3420,#1571);
#1413=LINE('',#3422,#1572);
#1414=LINE('',#3424,#1573);
#1415=LINE('',#3426,#1574);
#1416=LINE('',#3432,#1575);
#1417=LINE('',#3438,#1576);
#1418=LINE('',#3444,#1577);
#1419=LINE('',#3450,#1578);
#1420=LINE('',#3456,#1579);
#1421=LINE('',#3461,#1580);
#1422=LINE('',#3463,#1581);
#1423=LINE('',#3465,#1582);
#1424=LINE('',#3467,#1583);
#1425=LINE('',#3470,#1584);
#1426=LINE('',#3474,#1585);
#1427=LINE('',#3476,#1586);
#1428=LINE('',#3478,#1587);
#1429=LINE('',#3500,#1588);
#1430=LINE('',#3503,#1589);
#1431=LINE('',#3505,#1590);
#1432=LINE('',#3507,#1591);
#1433=LINE('',#3515,#1592);
#1434=LINE('',#3524,#1593);
#1435=LINE('',#3526,#1594);
#1436=LINE('',#3528,#1595);
#1437=LINE('',#3532,#1596);
#1438=LINE('',#3534,#1597);
#1439=LINE('',#3536,#1598);
#1440=LINE('',#3539,#1599);
#1441=LINE('',#3549,#1600);
#1442=LINE('',#3557,#1601);
#1443=LINE('',#3561,#1602);
#1444=LINE('',#3588,#1603);
#1445=LINE('',#3592,#1604);
#1446=LINE('',#3596,#1605);
#1447=LINE('',#3706,#1606);
#1448=LINE('',#3709,#1607);
#1449=LINE('',#3711,#1608);
#1450=LINE('',#3713,#1609);
#1451=LINE('',#3716,#1610);
#1452=LINE('',#3718,#1611);
#1453=LINE('',#3719,#1612);
#1454=LINE('',#3721,#1613);
#1455=LINE('',#3723,#1614);
#1456=LINE('',#3725,#1615);
#1457=LINE('',#3727,#1616);
#1458=LINE('',#3730,#1617);
#1459=LINE('',#3733,#1618);
#1460=LINE('',#3734,#1619);
#1461=LINE('',#3736,#1620);
#1462=LINE('',#3740,#1621);
#1463=LINE('',#3744,#1622);
#1464=LINE('',#3748,#1623);
#1465=LINE('',#3752,#1624);
#1466=LINE('',#3758,#1625);
#1467=LINE('',#3759,#1626);
#1468=LINE('',#3761,#1627);
#1469=LINE('',#3762,#1628);
#1470=LINE('',#3766,#1629);
#1471=LINE('',#3770,#1630);
#1472=LINE('',#3772,#1631);
#1473=LINE('',#3773,#1632);
#1474=LINE('',#3782,#1633);
#1475=LINE('',#3784,#1634);
#1476=LINE('',#3812,#1635);
#1477=LINE('',#3813,#1636);
#1478=LINE('',#3815,#1637);
#1479=LINE('',#3817,#1638);
#1480=LINE('',#3819,#1639);
#1481=LINE('',#3821,#1640);
#1482=LINE('',#3823,#1641);
#1483=LINE('',#3824,#1642);
#1484=LINE('',#3826,#1643);
#1485=LINE('',#3828,#1644);
#1486=LINE('',#3830,#1645);
#1487=LINE('',#3832,#1646);
#1488=LINE('',#3835,#1647);
#1489=LINE('',#3836,#1648);
#1490=LINE('',#3838,#1649);
#1491=LINE('',#3840,#1650);
#1492=LINE('',#3843,#1651);
#1493=LINE('',#3844,#1652);
#1494=LINE('',#3845,#1653);
#1495=LINE('',#3848,#1654);
#1496=LINE('',#3849,#1655);
#1497=LINE('',#3852,#1656);
#1498=LINE('',#3856,#1657);
#1499=LINE('',#3857,#1658);
#1500=LINE('',#3861,#1659);
#1501=LINE('',#3862,#1660);
#1502=LINE('',#3879,#1661);
#1503=LINE('',#3888,#1662);
#1504=LINE('',#3892,#1663);
#1505=LINE('',#3893,#1664);
#1506=LINE('',#3897,#1665);
#1507=LINE('',#3899,#1666);
#1508=LINE('',#3901,#1667);
#1509=LINE('',#3903,#1668);
#1510=LINE('',#3907,#1669);
#1511=LINE('',#3908,#1670);
#1512=LINE('',#3912,#1671);
#1513=LINE('',#3914,#1672);
#1514=LINE('',#3916,#1673);
#1515=VECTOR('',#2560,1.);
#1516=VECTOR('',#2561,1.);
#1517=VECTOR('',#2562,1.);
#1518=VECTOR('',#2563,1.);
#1519=VECTOR('',#2566,1.);
#1520=VECTOR('',#2567,1.);
#1521=VECTOR('',#2568,1.);
#1522=VECTOR('',#2569,1.);
#1523=VECTOR('',#2590,1.);
#1524=VECTOR('',#2603,1.);
#1525=VECTOR('',#2604,1.);
#1526=VECTOR('',#2605,1.);
#1527=VECTOR('',#2606,1.);
#1528=VECTOR('',#2609,1.);
#1529=VECTOR('',#2612,1.);
#1530=VECTOR('',#2613,1.);
#1531=VECTOR('',#2614,1.);
#1532=VECTOR('',#2615,1.);
#1533=VECTOR('',#2618,1.);
#1534=VECTOR('',#2621,1.);
#1535=VECTOR('',#2624,1.);
#1536=VECTOR('',#2631,1.);
#1537=VECTOR('',#2632,1.);
#1538=VECTOR('',#2633,1.);
#1539=VECTOR('',#2634,1.);
#1540=VECTOR('',#2635,1.);
#1541=VECTOR('',#2636,1.);
#1542=VECTOR('',#2637,1.);
#1543=VECTOR('',#2638,1.);
#1544=VECTOR('',#2639,1.);
#1545=VECTOR('',#2640,1.);
#1546=VECTOR('',#2641,1.);
#1547=VECTOR('',#2642,1.);
#1548=VECTOR('',#2645,1.);
#1549=VECTOR('',#2646,1.);
#1550=VECTOR('',#2647,1.);
#1551=VECTOR('',#2648,1.);
#1552=VECTOR('',#2649,1.);
#1553=VECTOR('',#2650,1.);
#1554=VECTOR('',#2651,1.);
#1555=VECTOR('',#2654,1.);
#1556=VECTOR('',#2655,1.);
#1557=VECTOR('',#2656,1.);
#1558=VECTOR('',#2659,1.);
#1559=VECTOR('',#2660,1.);
#1560=VECTOR('',#2661,1.);
#1561=VECTOR('',#2662,1.);
#1562=VECTOR('',#2663,1.);
#1563=VECTOR('',#2664,1.);
#1564=VECTOR('',#2665,1.);
#1565=VECTOR('',#2668,1.);
#1566=VECTOR('',#2669,1.);
#1567=VECTOR('',#2670,1.);
#1568=VECTOR('',#2671,1.);
#1569=VECTOR('',#2674,1.);
#1570=VECTOR('',#2675,1.);
#1571=VECTOR('',#2676,1.);
#1572=VECTOR('',#2677,1.);
#1573=VECTOR('',#2678,1.);
#1574=VECTOR('',#2679,1.);
#1575=VECTOR('',#2686,1.);
#1576=VECTOR('',#2693,1.);
#1577=VECTOR('',#2700,1.);
#1578=VECTOR('',#2707,1.);
#1579=VECTOR('',#2714,1.);
#1580=VECTOR('',#2723,1.);
#1581=VECTOR('',#2724,1.);
#1582=VECTOR('',#2725,1.);
#1583=VECTOR('',#2728,1.);
#1584=VECTOR('',#2729,1.);
#1585=VECTOR('',#2732,1.);
#1586=VECTOR('',#2733,1.);
#1587=VECTOR('',#2734,1.);
#1588=VECTOR('',#2761,1.);
#1589=VECTOR('',#2762,1.);
#1590=VECTOR('',#2763,1.);
#1591=VECTOR('',#2764,1.);
#1592=VECTOR('',#2767,1.);
#1593=VECTOR('',#2778,1.);
#1594=VECTOR('',#2779,1.);
#1595=VECTOR('',#2780,1.);
#1596=VECTOR('',#2785,1.);
#1597=VECTOR('',#2786,1.);
#1598=VECTOR('',#2787,1.);
#1599=VECTOR('',#2790,1.);
#1600=VECTOR('',#2801,1.);
#1601=VECTOR('',#2808,1.);
#1602=VECTOR('',#2811,1.);
#1603=VECTOR('',#2838,1.);
#1604=VECTOR('',#2841,1.);
#1605=VECTOR('',#2844,1.);
#1606=VECTOR('',#2999,1.);
#1607=VECTOR('',#3004,1.);
#1608=VECTOR('',#3007,1.);
#1609=VECTOR('',#3010,1.);
#1610=VECTOR('',#3015,1.);
#1611=VECTOR('',#3018,1.);
#1612=VECTOR('',#3019,1.);
#1613=VECTOR('',#3022,1.);
#1614=VECTOR('',#3025,1.);
#1615=VECTOR('',#3028,1.);
#1616=VECTOR('',#3031,1.);
#1617=VECTOR('',#3036,1.);
#1618=VECTOR('',#3037,1.);
#1619=VECTOR('',#3038,1.);
#1620=VECTOR('',#3041,1.);
#1621=VECTOR('',#3046,1.);
#1622=VECTOR('',#3051,1.);
#1623=VECTOR('',#3056,1.);
#1624=VECTOR('',#3061,1.);
#1625=VECTOR('',#3070,1.);
#1626=VECTOR('',#3071,1.);
#1627=VECTOR('',#3074,1.);
#1628=VECTOR('',#3075,1.);
#1629=VECTOR('',#3082,1.);
#1630=VECTOR('',#3085,1.);
#1631=VECTOR('',#3088,1.);
#1632=VECTOR('',#3089,1.);
#1633=VECTOR('',#3094,1.);
#1634=VECTOR('',#3097,1.);
#1635=VECTOR('',#3128,1.);
#1636=VECTOR('',#3129,1.);
#1637=VECTOR('',#3130,1.);
#1638=VECTOR('',#3131,1.);
#1639=VECTOR('',#3134,1.);
#1640=VECTOR('',#3135,1.);
#1641=VECTOR('',#3136,1.);
#1642=VECTOR('',#3137,1.);
#1643=VECTOR('',#3140,1.);
#1644=VECTOR('',#3141,1.);
#1645=VECTOR('',#3142,1.);
#1646=VECTOR('',#3145,1.);
#1647=VECTOR('',#3146,1.);
#1648=VECTOR('',#3147,1.);
#1649=VECTOR('',#3150,1.);
#1650=VECTOR('',#3153,1.);
#1651=VECTOR('',#3154,1.);
#1652=VECTOR('',#3155,1.);
#1653=VECTOR('',#3156,1.);
#1654=VECTOR('',#3157,1.);
#1655=VECTOR('',#3158,1.);
#1656=VECTOR('',#3161,1.);
#1657=VECTOR('',#3166,1.);
#1658=VECTOR('',#3167,1.);
#1659=VECTOR('',#3174,1.);
#1660=VECTOR('',#3175,1.);
#1661=VECTOR('',#3196,1.);
#1662=VECTOR('',#3201,1.);
#1663=VECTOR('',#3204,1.);
#1664=VECTOR('',#3205,1.);
#1665=VECTOR('',#3208,1.);
#1666=VECTOR('',#3211,1.);
#1667=VECTOR('',#3212,1.);
#1668=VECTOR('',#3215,1.);
#1669=VECTOR('',#3218,1.);
#1670=VECTOR('',#3219,1.);
#1671=VECTOR('',#3224,1.);
#1672=VECTOR('',#3227,1.);
#1673=VECTOR('',#3230,1.);
#1674=EDGE_LOOP('',(#242,#243,#244,#245));
#1675=EDGE_LOOP('',(#246,#247,#248,#249));
#1676=EDGE_LOOP('',(#250));
#1677=EDGE_LOOP('',(#251));
#1678=EDGE_LOOP('',(#252));
#1679=EDGE_LOOP('',(#253));
#1680=EDGE_LOOP('',(#254));
#1681=EDGE_LOOP('',(#255));
#1682=EDGE_LOOP('',(#256));
#1683=EDGE_LOOP('',(#257,#258,#259,#260,#261,#262,#263,#264,#265,#266,#267,
#268,#269,#270,#271,#272,#273,#274,#275,#276,#277,#278,#279,#280,#281,#282,
#283,#284,#285));
#1684=EDGE_LOOP('',(#286,#287,#288,#289,#290,#291,#292,#293,#294,#295,#296,
#297));
#1685=EDGE_LOOP('',(#298,#299,#300,#301,#302,#303,#304,#305));
#1686=EDGE_LOOP('',(#306,#307,#308,#309));
#1687=EDGE_LOOP('',(#310,#311,#312,#313,#314,#315,#316,#317));
#1688=EDGE_LOOP('',(#318,#319,#320,#321));
#1689=EDGE_LOOP('',(#322,#323,#324,#325,#326,#327));
#1690=EDGE_LOOP('',(#328,#329,#330,#331));
#1691=EDGE_LOOP('',(#332,#333,#334,#335));
#1692=EDGE_LOOP('',(#336,#337,#338,#339));
#1693=EDGE_LOOP('',(#340,#341,#342,#343));
#1694=EDGE_LOOP('',(#344,#345,#346,#347));
#1695=EDGE_LOOP('',(#348,#349,#350,#351));
#1696=EDGE_LOOP('',(#352,#353,#354,#355));
#1697=EDGE_LOOP('',(#356,#357,#358,#359,#360,#361));
#1698=EDGE_LOOP('',(#362));
#1699=EDGE_LOOP('',(#363));
#1700=EDGE_LOOP('',(#364));
#1701=EDGE_LOOP('',(#365));
#1702=EDGE_LOOP('',(#366));
#1703=EDGE_LOOP('',(#367));
#1704=EDGE_LOOP('',(#368));
#1705=EDGE_LOOP('',(#369));
#1706=EDGE_LOOP('',(#370,#371,#372,#373));
#1707=EDGE_LOOP('',(#374,#375,#376,#377,#378,#379));
#1708=EDGE_LOOP('',(#380,#381,#382,#383,#384,#385,#386,#387,#388,#389,#390,
#391,#392,#393,#394,#395,#396,#397,#398,#399,#400,#401,#402));
#1709=EDGE_LOOP('',(#403));
#1710=EDGE_LOOP('',(#404));
#1711=EDGE_LOOP('',(#405));
#1712=EDGE_LOOP('',(#406,#407,#408,#409,#410,#411,#412,#413,#414,#415,#416,
#417));
#1713=EDGE_LOOP('',(#418));
#1714=EDGE_LOOP('',(#419));
#1715=EDGE_LOOP('',(#420));
#1716=EDGE_LOOP('',(#421));
#1717=EDGE_LOOP('',(#422));
#1718=EDGE_LOOP('',(#423));
#1719=EDGE_LOOP('',(#424));
#1720=EDGE_LOOP('',(#425));
#1721=EDGE_LOOP('',(#426));
#1722=EDGE_LOOP('',(#427));
#1723=EDGE_LOOP('',(#428,#429,#430,#431,#432,#433));
#1724=EDGE_LOOP('',(#434));
#1725=EDGE_LOOP('',(#435));
#1726=EDGE_LOOP('',(#436));
#1727=EDGE_LOOP('',(#437));
#1728=EDGE_LOOP('',(#438));
#1729=EDGE_LOOP('',(#439));
#1730=EDGE_LOOP('',(#440));
#1731=EDGE_LOOP('',(#441));
#1732=EDGE_LOOP('',(#442));
#1733=EDGE_LOOP('',(#443));
#1734=EDGE_LOOP('',(#444));
#1735=EDGE_LOOP('',(#445));
#1736=EDGE_LOOP('',(#446,#447,#448,#449));
#1737=EDGE_LOOP('',(#450,#451,#452,#453));
#1738=EDGE_LOOP('',(#454));
#1739=EDGE_LOOP('',(#455));
#1740=EDGE_LOOP('',(#456));
#1741=EDGE_LOOP('',(#457));
#1742=EDGE_LOOP('',(#458));
#1743=EDGE_LOOP('',(#459));
#1744=EDGE_LOOP('',(#460));
#1745=EDGE_LOOP('',(#461));
#1746=EDGE_LOOP('',(#462));
#1747=EDGE_LOOP('',(#463));
#1748=EDGE_LOOP('',(#464));
#1749=EDGE_LOOP('',(#465));
#1750=EDGE_LOOP('',(#466));
#1751=EDGE_LOOP('',(#467));
#1752=EDGE_LOOP('',(#468));
#1753=EDGE_LOOP('',(#469));
#1754=EDGE_LOOP('',(#470));
#1755=EDGE_LOOP('',(#471));
#1756=EDGE_LOOP('',(#472));
#1757=EDGE_LOOP('',(#473));
#1758=EDGE_LOOP('',(#474));
#1759=EDGE_LOOP('',(#475));
#1760=EDGE_LOOP('',(#476));
#1761=EDGE_LOOP('',(#477));
#1762=EDGE_LOOP('',(#478));
#1763=EDGE_LOOP('',(#479));
#1764=EDGE_LOOP('',(#480));
#1765=EDGE_LOOP('',(#481));
#1766=EDGE_LOOP('',(#482));
#1767=EDGE_LOOP('',(#483));
#1768=EDGE_LOOP('',(#484));
#1769=EDGE_LOOP('',(#485));
#1770=EDGE_LOOP('',(#486));
#1771=EDGE_LOOP('',(#487));
#1772=EDGE_LOOP('',(#488));
#1773=EDGE_LOOP('',(#489));
#1774=EDGE_LOOP('',(#490));
#1775=EDGE_LOOP('',(#491));
#1776=EDGE_LOOP('',(#492));
#1777=EDGE_LOOP('',(#493));
#1778=EDGE_LOOP('',(#494));
#1779=EDGE_LOOP('',(#495));
#1780=EDGE_LOOP('',(#496));
#1781=EDGE_LOOP('',(#497));
#1782=EDGE_LOOP('',(#498));
#1783=EDGE_LOOP('',(#499));
#1784=EDGE_LOOP('',(#500));
#1785=EDGE_LOOP('',(#501));
#1786=EDGE_LOOP('',(#502));
#1787=EDGE_LOOP('',(#503));
#1788=EDGE_LOOP('',(#504));
#1789=EDGE_LOOP('',(#505));
#1790=EDGE_LOOP('',(#506));
#1791=EDGE_LOOP('',(#507));
#1792=EDGE_LOOP('',(#508));
#1793=EDGE_LOOP('',(#509));
#1794=EDGE_LOOP('',(#510));
#1795=EDGE_LOOP('',(#511));
#1796=EDGE_LOOP('',(#512));
#1797=EDGE_LOOP('',(#513));
#1798=EDGE_LOOP('',(#514));
#1799=EDGE_LOOP('',(#515));
#1800=EDGE_LOOP('',(#516));
#1801=EDGE_LOOP('',(#517));
#1802=EDGE_LOOP('',(#518));
#1803=EDGE_LOOP('',(#519));
#1804=EDGE_LOOP('',(#520));
#1805=EDGE_LOOP('',(#521));
#1806=EDGE_LOOP('',(#522));
#1807=EDGE_LOOP('',(#523));
#1808=EDGE_LOOP('',(#524));
#1809=EDGE_LOOP('',(#525));
#1810=EDGE_LOOP('',(#526,#527,#528,#529));
#1811=EDGE_LOOP('',(#530,#531,#532,#533));
#1812=EDGE_LOOP('',(#534,#535,#536,#537));
#1813=EDGE_LOOP('',(#538,#539,#540,#541));
#1814=EDGE_LOOP('',(#542,#543,#544,#545));
#1815=EDGE_LOOP('',(#546,#547,#548,#549));
#1816=EDGE_LOOP('',(#550,#551,#552,#553));
#1817=EDGE_LOOP('',(#554,#555,#556,#557));
#1818=EDGE_LOOP('',(#558,#559,#560,#561));
#1819=EDGE_LOOP('',(#562,#563,#564,#565));
#1820=EDGE_LOOP('',(#566,#567,#568,#569));
#1821=EDGE_LOOP('',(#570,#571,#572,#573));
#1822=EDGE_LOOP('',(#574,#575,#576,#577));
#1823=EDGE_LOOP('',(#578,#579,#580,#581));
#1824=EDGE_LOOP('',(#582,#583,#584,#585));
#1825=EDGE_LOOP('',(#586,#587,#588,#589));
#1826=EDGE_LOOP('',(#590,#591,#592,#593));
#1827=EDGE_LOOP('',(#594,#595,#596,#597));
#1828=EDGE_LOOP('',(#598,#599,#600,#601));
#1829=EDGE_LOOP('',(#602,#603,#604,#605));
#1830=EDGE_LOOP('',(#606,#607,#608,#609));
#1831=EDGE_LOOP('',(#610,#611,#612,#613));
#1832=EDGE_LOOP('',(#614,#615,#616,#617));
#1833=EDGE_LOOP('',(#618,#619,#620,#621));
#1834=EDGE_LOOP('',(#622,#623,#624,#625));
#1835=EDGE_LOOP('',(#626,#627,#628,#629,#630,#631,#632,#633,#634));
#1836=EDGE_LOOP('',(#635,#636,#637,#638));
#1837=EDGE_LOOP('',(#639,#640,#641,#642));
#1838=EDGE_LOOP('',(#643,#644,#645,#646));
#1839=EDGE_LOOP('',(#647,#648,#649,#650));
#1840=EDGE_LOOP('',(#651,#652,#653,#654));
#1841=EDGE_LOOP('',(#655,#656,#657,#658));
#1842=EDGE_LOOP('',(#659,#660,#661,#662,#663,#664));
#1843=EDGE_LOOP('',(#665,#666,#667,#668,#669,#670,#671,#672,#673));
#1844=EDGE_LOOP('',(#674,#675,#676,#677,#678,#679,#680,#681,#682));
#1845=EDGE_LOOP('',(#683,#684,#685,#686));
#1846=EDGE_LOOP('',(#687,#688,#689,#690));
#1847=EDGE_LOOP('',(#691,#692,#693,#694,#695,#696,#697,#698));
#1848=EDGE_LOOP('',(#699,#700,#701,#702));
#1849=EDGE_LOOP('',(#703,#704,#705,#706));
#1850=EDGE_LOOP('',(#707,#708,#709,#710,#711,#712));
#1851=EDGE_LOOP('',(#713,#714,#715,#716));
#1852=EDGE_LOOP('',(#717,#718,#719,#720));
#1853=EDGE_LOOP('',(#721,#722,#723,#724));
#1854=EDGE_LOOP('',(#725,#726,#727,#728));
#1855=EDGE_LOOP('',(#729,#730,#731,#732));
#1856=EDGE_LOOP('',(#733,#734,#735,#736));
#1857=EDGE_LOOP('',(#737,#738,#739,#740,#741));
#1858=EDGE_LOOP('',(#742,#743,#744,#745,#746));
#1859=EDGE_LOOP('',(#747,#748,#749,#750));
#1860=EDGE_LOOP('',(#751,#752,#753,#754));
#1861=EDGE_LOOP('',(#755,#756,#757,#758));
#1862=EDGE_LOOP('',(#759,#760,#761,#762,#763,#764));
#1863=EDGE_LOOP('',(#765,#766,#767,#768));
#1864=EDGE_LOOP('',(#769,#770,#771,#772,#773,#774,#775,#776,#777,#778));
#1865=EDGE_LOOP('',(#779,#780,#781,#782));
#1866=EDGE_LOOP('',(#783,#784,#785,#786,#787,#788,#789,#790,#791,#792));
#1867=EDGE_LOOP('',(#793,#794,#795,#796));
#1868=EDGE_LOOP('',(#797,#798,#799,#800));
#1869=EDGE_LOOP('',(#801,#802,#803,#804));
#1870=EDGE_LOOP('',(#805,#806,#807,#808));
#1871=EDGE_LOOP('',(#809,#810,#811,#812));
#1872=EDGE_LOOP('',(#813,#814,#815));
#1873=EDGE_LOOP('',(#816,#817,#818,#819));
#1874=EDGE_LOOP('',(#820,#821,#822,#823));
#1875=EDGE_LOOP('',(#824,#825,#826,#827));
#1876=EDGE_LOOP('',(#828,#829,#830,#831,#832));
#1877=EDGE_LOOP('',(#833,#834,#835,#836));
#1878=EDGE_LOOP('',(#837,#838,#839,#840));
#1879=EDGE_LOOP('',(#841,#842,#843,#844,#845));
#1880=FACE_BOUND('',#1674,.T.);
#1881=FACE_BOUND('',#1675,.T.);
#1882=FACE_BOUND('',#1676,.T.);
#1883=FACE_BOUND('',#1677,.T.);
#1884=FACE_BOUND('',#1678,.T.);
#1885=FACE_BOUND('',#1679,.T.);
#1886=FACE_BOUND('',#1680,.T.);
#1887=FACE_BOUND('',#1681,.T.);
#1888=FACE_BOUND('',#1682,.T.);
#1889=FACE_BOUND('',#1683,.T.);
#1890=FACE_BOUND('',#1684,.T.);
#1891=FACE_BOUND('',#1685,.T.);
#1892=FACE_BOUND('',#1686,.T.);
#1893=FACE_BOUND('',#1687,.T.);
#1894=FACE_BOUND('',#1688,.T.);
#1895=FACE_BOUND('',#1689,.T.);
#1896=FACE_BOUND('',#1690,.T.);
#1897=FACE_BOUND('',#1691,.T.);
#1898=FACE_BOUND('',#1692,.T.);
#1899=FACE_BOUND('',#1693,.T.);
#1900=FACE_BOUND('',#1694,.T.);
#1901=FACE_BOUND('',#1695,.T.);
#1902=FACE_BOUND('',#1696,.T.);
#1903=FACE_BOUND('',#1697,.T.);
#1904=FACE_BOUND('',#1698,.T.);
#1905=FACE_BOUND('',#1699,.T.);
#1906=FACE_BOUND('',#1700,.T.);
#1907=FACE_BOUND('',#1701,.T.);
#1908=FACE_BOUND('',#1702,.T.);
#1909=FACE_BOUND('',#1703,.T.);
#1910=FACE_BOUND('',#1704,.T.);
#1911=FACE_BOUND('',#1705,.T.);
#1912=FACE_BOUND('',#1706,.T.);
#1913=FACE_BOUND('',#1707,.T.);
#1914=FACE_BOUND('',#1708,.T.);
#1915=FACE_BOUND('',#1709,.T.);
#1916=FACE_BOUND('',#1710,.T.);
#1917=FACE_BOUND('',#1711,.T.);
#1918=FACE_BOUND('',#1712,.T.);
#1919=FACE_BOUND('',#1713,.T.);
#1920=FACE_BOUND('',#1714,.T.);
#1921=FACE_BOUND('',#1715,.T.);
#1922=FACE_BOUND('',#1716,.T.);
#1923=FACE_BOUND('',#1717,.T.);
#1924=FACE_BOUND('',#1718,.T.);
#1925=FACE_BOUND('',#1719,.T.);
#1926=FACE_BOUND('',#1720,.T.);
#1927=FACE_BOUND('',#1721,.T.);
#1928=FACE_BOUND('',#1722,.T.);
#1929=FACE_BOUND('',#1723,.T.);
#1930=FACE_BOUND('',#1724,.T.);
#1931=FACE_BOUND('',#1725,.T.);
#1932=FACE_BOUND('',#1726,.T.);
#1933=FACE_BOUND('',#1727,.T.);
#1934=FACE_BOUND('',#1728,.T.);
#1935=FACE_BOUND('',#1729,.T.);
#1936=FACE_BOUND('',#1730,.T.);
#1937=FACE_BOUND('',#1731,.T.);
#1938=FACE_BOUND('',#1732,.T.);
#1939=FACE_BOUND('',#1733,.T.);
#1940=FACE_BOUND('',#1734,.T.);
#1941=FACE_BOUND('',#1735,.T.);
#1942=FACE_BOUND('',#1736,.T.);
#1943=FACE_BOUND('',#1737,.T.);
#1944=FACE_BOUND('',#1738,.T.);
#1945=FACE_BOUND('',#1739,.T.);
#1946=FACE_BOUND('',#1740,.T.);
#1947=FACE_BOUND('',#1741,.T.);
#1948=FACE_BOUND('',#1742,.T.);
#1949=FACE_BOUND('',#1743,.T.);
#1950=FACE_BOUND('',#1744,.T.);
#1951=FACE_BOUND('',#1745,.T.);
#1952=FACE_BOUND('',#1746,.T.);
#1953=FACE_BOUND('',#1747,.T.);
#1954=FACE_BOUND('',#1748,.T.);
#1955=FACE_BOUND('',#1749,.T.);
#1956=FACE_BOUND('',#1750,.T.);
#1957=FACE_BOUND('',#1751,.T.);
#1958=FACE_BOUND('',#1752,.T.);
#1959=FACE_BOUND('',#1753,.T.);
#1960=FACE_BOUND('',#1754,.T.);
#1961=FACE_BOUND('',#1755,.T.);
#1962=FACE_BOUND('',#1756,.T.);
#1963=FACE_BOUND('',#1757,.T.);
#1964=FACE_BOUND('',#1758,.T.);
#1965=FACE_BOUND('',#1759,.T.);
#1966=FACE_BOUND('',#1760,.T.);
#1967=FACE_BOUND('',#1761,.T.);
#1968=FACE_BOUND('',#1762,.T.);
#1969=FACE_BOUND('',#1763,.T.);
#1970=FACE_BOUND('',#1764,.T.);
#1971=FACE_BOUND('',#1765,.T.);
#1972=FACE_BOUND('',#1766,.T.);
#1973=FACE_BOUND('',#1767,.T.);
#1974=FACE_BOUND('',#1768,.T.);
#1975=FACE_BOUND('',#1769,.T.);
#1976=FACE_BOUND('',#1770,.T.);
#1977=FACE_BOUND('',#1771,.T.);
#1978=FACE_BOUND('',#1772,.T.);
#1979=FACE_BOUND('',#1773,.T.);
#1980=FACE_BOUND('',#1774,.T.);
#1981=FACE_BOUND('',#1775,.T.);
#1982=FACE_BOUND('',#1776,.T.);
#1983=FACE_BOUND('',#1777,.T.);
#1984=FACE_BOUND('',#1778,.T.);
#1985=FACE_BOUND('',#1779,.T.);
#1986=FACE_BOUND('',#1780,.T.);
#1987=FACE_BOUND('',#1781,.T.);
#1988=FACE_BOUND('',#1782,.T.);
#1989=FACE_BOUND('',#1783,.T.);
#1990=FACE_BOUND('',#1784,.T.);
#1991=FACE_BOUND('',#1785,.T.);
#1992=FACE_BOUND('',#1786,.T.);
#1993=FACE_BOUND('',#1787,.T.);
#1994=FACE_BOUND('',#1788,.T.);
#1995=FACE_BOUND('',#1789,.T.);
#1996=FACE_BOUND('',#1790,.T.);
#1997=FACE_BOUND('',#1791,.T.);
#1998=FACE_BOUND('',#1792,.T.);
#1999=FACE_BOUND('',#1793,.T.);
#2000=FACE_BOUND('',#1794,.T.);
#2001=FACE_BOUND('',#1795,.T.);
#2002=FACE_BOUND('',#1796,.T.);
#2003=FACE_BOUND('',#1797,.T.);
#2004=FACE_BOUND('',#1798,.T.);
#2005=FACE_BOUND('',#1799,.T.);
#2006=FACE_BOUND('',#1800,.T.);
#2007=FACE_BOUND('',#1801,.T.);
#2008=FACE_BOUND('',#1802,.T.);
#2009=FACE_BOUND('',#1803,.T.);
#2010=FACE_BOUND('',#1804,.T.);
#2011=FACE_BOUND('',#1805,.T.);
#2012=FACE_BOUND('',#1806,.T.);
#2013=FACE_BOUND('',#1807,.T.);
#2014=FACE_BOUND('',#1808,.T.);
#2015=FACE_BOUND('',#1809,.T.);
#2016=FACE_BOUND('',#1810,.T.);
#2017=FACE_BOUND('',#1811,.T.);
#2018=FACE_BOUND('',#1812,.T.);
#2019=FACE_BOUND('',#1813,.T.);
#2020=FACE_BOUND('',#1814,.T.);
#2021=FACE_BOUND('',#1815,.T.);
#2022=FACE_BOUND('',#1816,.T.);
#2023=FACE_BOUND('',#1817,.T.);
#2024=FACE_BOUND('',#1818,.T.);
#2025=FACE_BOUND('',#1819,.T.);
#2026=FACE_BOUND('',#1820,.T.);
#2027=FACE_BOUND('',#1821,.T.);
#2028=FACE_BOUND('',#1822,.T.);
#2029=FACE_BOUND('',#1823,.T.);
#2030=FACE_BOUND('',#1824,.T.);
#2031=FACE_BOUND('',#1825,.T.);
#2032=FACE_BOUND('',#1826,.T.);
#2033=FACE_BOUND('',#1827,.T.);
#2034=FACE_BOUND('',#1828,.T.);
#2035=FACE_BOUND('',#1829,.T.);
#2036=FACE_BOUND('',#1830,.T.);
#2037=FACE_BOUND('',#1831,.T.);
#2038=FACE_BOUND('',#1832,.T.);
#2039=FACE_BOUND('',#1833,.T.);
#2040=FACE_BOUND('',#1834,.T.);
#2041=FACE_BOUND('',#1835,.T.);
#2042=FACE_BOUND('',#1836,.T.);
#2043=FACE_BOUND('',#1837,.T.);
#2044=FACE_BOUND('',#1838,.T.);
#2045=FACE_BOUND('',#1839,.T.);
#2046=FACE_BOUND('',#1840,.T.);
#2047=FACE_BOUND('',#1841,.T.);
#2048=FACE_BOUND('',#1842,.T.);
#2049=FACE_BOUND('',#1843,.T.);
#2050=FACE_BOUND('',#1844,.T.);
#2051=FACE_BOUND('',#1845,.T.);
#2052=FACE_BOUND('',#1846,.T.);
#2053=FACE_BOUND('',#1847,.T.);
#2054=FACE_BOUND('',#1848,.T.);
#2055=FACE_BOUND('',#1849,.T.);
#2056=FACE_BOUND('',#1850,.T.);
#2057=FACE_BOUND('',#1851,.T.);
#2058=FACE_BOUND('',#1852,.T.);
#2059=FACE_BOUND('',#1853,.T.);
#2060=FACE_BOUND('',#1854,.T.);
#2061=FACE_BOUND('',#1855,.T.);
#2062=FACE_BOUND('',#1856,.T.);
#2063=FACE_BOUND('',#1857,.T.);
#2064=FACE_BOUND('',#1858,.T.);
#2065=FACE_BOUND('',#1859,.T.);
#2066=FACE_BOUND('',#1860,.T.);
#2067=FACE_BOUND('',#1861,.T.);
#2068=FACE_BOUND('',#1862,.T.);
#2069=FACE_BOUND('',#1863,.T.);
#2070=FACE_BOUND('',#1864,.T.);
#2071=FACE_BOUND('',#1865,.T.);
#2072=FACE_BOUND('',#1866,.T.);
#2073=FACE_BOUND('',#1867,.T.);
#2074=FACE_BOUND('',#1868,.T.);
#2075=FACE_BOUND('',#1869,.T.);
#2076=FACE_BOUND('',#1870,.T.);
#2077=FACE_BOUND('',#1871,.T.);
#2078=FACE_BOUND('',#1872,.T.);
#2079=FACE_BOUND('',#1873,.T.);
#2080=FACE_BOUND('',#1874,.T.);
#2081=FACE_BOUND('',#1875,.T.);
#2082=FACE_BOUND('',#1876,.T.);
#2083=FACE_BOUND('',#1877,.T.);
#2084=FACE_BOUND('',#1878,.T.);
#2085=FACE_BOUND('',#1879,.T.);
#2086=PLANE('',#2286);
#2087=PLANE('',#2287);
#2088=PLANE('',#2288);
#2089=PLANE('',#2311);
#2090=PLANE('',#2312);
#2091=PLANE('',#2313);
#2092=PLANE('',#2314);
#2093=PLANE('',#2315);
#2094=PLANE('',#2316);
#2095=PLANE('',#2335);
#2096=PLANE('',#2336);
#2097=PLANE('',#2350);
#2098=PLANE('',#2354);
#2099=PLANE('',#2363);
#2100=PLANE('',#2408);
#2101=PLANE('',#2412);
#2102=PLANE('',#2416);
#2103=PLANE('',#2420);
#2104=PLANE('',#2424);
#2105=PLANE('',#2428);
#2106=PLANE('',#2432);
#2107=PLANE('',#2436);
#2108=PLANE('',#2461);
#2109=PLANE('',#2463);
#2110=PLANE('',#2466);
#2111=PLANE('',#2468);
#2112=PLANE('',#2469);
#2113=PLANE('',#2472);
#2114=PLANE('',#2473);
#2115=PLANE('',#2486);
#2116=PLANE('',#2487);
#2117=PLANE('',#2490);
#2118=PLANE('',#2510);
#2119=PLANE('',#2511);
#2120=PLANE('',#2512);
#2121=PLANE('',#2513);
#2122=PLANE('',#2514);
#2123=PLANE('',#2515);
#2124=PLANE('',#2518);
#2125=PLANE('',#2519);
#2126=PLANE('',#2520);
#2127=PLANE('',#2521);
#2128=PLANE('',#2522);
#2129=PLANE('',#2523);
#2130=PLANE('',#2533);
#2131=PLANE('',#2536);
#2132=PLANE('',#2537);
#2133=PLANE('',#2540);
#2134=PLANE('',#2541);
#2135=PLANE('',#2542);
#2136=ADVANCED_FACE('',(#1880),#2086,.F.);
#2137=ADVANCED_FACE('',(#1881),#2087,.F.);
#2138=ADVANCED_FACE('',(#1882,#1883,#1884,#1885,#1886,#1887,#1888,#1889),
#2088,.T.);
#2139=ADVANCED_FACE('',(#1890),#2089,.F.);
#2140=ADVANCED_FACE('',(#1891),#2090,.F.);
#2141=ADVANCED_FACE('',(#1892),#2091,.T.);
#2142=ADVANCED_FACE('',(#1893),#2092,.T.);
#2143=ADVANCED_FACE('',(#1894),#2093,.F.);
#2144=ADVANCED_FACE('',(#1895),#2094,.F.);
#2145=ADVANCED_FACE('',(#1896),#61,.F.);
#2146=ADVANCED_FACE('',(#1897),#62,.T.);
#2147=ADVANCED_FACE('',(#1898),#63,.F.);
#2148=ADVANCED_FACE('',(#1899),#64,.F.);
#2149=ADVANCED_FACE('',(#1900),#65,.F.);
#2150=ADVANCED_FACE('',(#1901),#66,.T.);
#2151=ADVANCED_FACE('',(#1902),#2095,.F.);
#2152=ADVANCED_FACE('',(#1903),#2096,.F.);
#2153=ADVANCED_FACE('',(#1904,#1905),#67,.F.);
#2154=ADVANCED_FACE('',(#1906,#1907),#68,.F.);
#2155=ADVANCED_FACE('',(#1908,#1909),#69,.F.);
#2156=ADVANCED_FACE('',(#1910,#1911),#70,.F.);
#2157=ADVANCED_FACE('',(#1912),#2097,.F.);
#2158=ADVANCED_FACE('',(#1913),#71,.T.);
#2159=ADVANCED_FACE('',(#1914,#1915,#1916,#1917),#2098,.T.);
#2160=ADVANCED_FACE('',(#1918,#1919,#1920,#1921,#1922,#1923,#1924,#1925,
#1926,#1927,#1928,#1929),#2099,.F.);
#2161=ADVANCED_FACE('',(#1930,#1931),#72,.F.);
#2162=ADVANCED_FACE('',(#1932,#1933),#73,.F.);
#2163=ADVANCED_FACE('',(#1934,#1935),#74,.F.);
#2164=ADVANCED_FACE('',(#1936,#1937),#75,.F.);
#2165=ADVANCED_FACE('',(#1938,#1939),#76,.F.);
#2166=ADVANCED_FACE('',(#1940,#1941),#77,.F.);
#2167=ADVANCED_FACE('',(#1942),#78,.T.);
#2168=ADVANCED_FACE('',(#1943),#79,.T.);
#2169=ADVANCED_FACE('',(#1944,#1945),#2100,.T.);
#2170=ADVANCED_FACE('',(#1946,#1947),#80,.F.);
#2171=ADVANCED_FACE('',(#1948,#1949),#2101,.T.);
#2172=ADVANCED_FACE('',(#1950,#1951),#81,.F.);
#2173=ADVANCED_FACE('',(#1952,#1953),#2102,.T.);
#2174=ADVANCED_FACE('',(#1954,#1955),#82,.F.);
#2175=ADVANCED_FACE('',(#1956,#1957),#2103,.T.);
#2176=ADVANCED_FACE('',(#1958,#1959),#83,.F.);
#2177=ADVANCED_FACE('',(#1960,#1961),#2104,.T.);
#2178=ADVANCED_FACE('',(#1962,#1963),#84,.F.);
#2179=ADVANCED_FACE('',(#1964,#1965),#2105,.T.);
#2180=ADVANCED_FACE('',(#1966,#1967),#85,.F.);
#2181=ADVANCED_FACE('',(#1968,#1969),#2106,.T.);
#2182=ADVANCED_FACE('',(#1970,#1971),#86,.F.);
#2183=ADVANCED_FACE('',(#1972,#1973),#2107,.T.);
#2184=ADVANCED_FACE('',(#1974,#1975),#87,.F.);
#2185=ADVANCED_FACE('',(#1976,#1977),#28,.F.);
#2186=ADVANCED_FACE('',(#1978,#1979),#29,.F.);
#2187=ADVANCED_FACE('',(#1980,#1981),#30,.F.);
#2188=ADVANCED_FACE('',(#1982,#1983),#31,.F.);
#2189=ADVANCED_FACE('',(#1984,#1985),#32,.F.);
#2190=ADVANCED_FACE('',(#1986,#1987),#33,.F.);
#2191=ADVANCED_FACE('',(#1988,#1989),#34,.F.);
#2192=ADVANCED_FACE('',(#1990,#1991),#35,.F.);
#2193=ADVANCED_FACE('',(#1992,#1993),#36,.F.);
#2194=ADVANCED_FACE('',(#1994,#1995),#37,.F.);
#2195=ADVANCED_FACE('',(#1996,#1997),#38,.F.);
#2196=ADVANCED_FACE('',(#1998,#1999),#39,.F.);
#2197=ADVANCED_FACE('',(#2000,#2001),#40,.F.);
#2198=ADVANCED_FACE('',(#2002,#2003),#41,.F.);
#2199=ADVANCED_FACE('',(#2004,#2005),#42,.F.);
#2200=ADVANCED_FACE('',(#2006,#2007),#43,.F.);
#2201=ADVANCED_FACE('',(#2008,#2009),#44,.F.);
#2202=ADVANCED_FACE('',(#2010,#2011),#45,.F.);
#2203=ADVANCED_FACE('',(#2012,#2013),#46,.F.);
#2204=ADVANCED_FACE('',(#2014,#2015),#47,.F.);
#2205=ADVANCED_FACE('',(#2016),#48,.T.);
#2206=ADVANCED_FACE('',(#2017),#2108,.T.);
#2207=ADVANCED_FACE('',(#2018),#2109,.T.);
#2208=ADVANCED_FACE('',(#2019),#49,.T.);
#2209=ADVANCED_FACE('',(#2020),#50,.T.);
#2210=ADVANCED_FACE('',(#2021),#2110,.T.);
#2211=ADVANCED_FACE('',(#2022),#51,.T.);
#2212=ADVANCED_FACE('',(#2023),#2111,.F.);
#2213=ADVANCED_FACE('',(#2024),#2112,.F.);
#2214=ADVANCED_FACE('',(#2025),#52,.T.);
#2215=ADVANCED_FACE('',(#2026),#53,.T.);
#2216=ADVANCED_FACE('',(#2027),#2113,.F.);
#2217=ADVANCED_FACE('',(#2028),#2114,.F.);
#2218=ADVANCED_FACE('',(#2029),#88,.F.);
#2219=ADVANCED_FACE('',(#2030),#89,.T.);
#2220=ADVANCED_FACE('',(#2031),#90,.T.);
#2221=ADVANCED_FACE('',(#2032),#91,.T.);
#2222=ADVANCED_FACE('',(#2033),#92,.F.);
#2223=ADVANCED_FACE('',(#2034),#93,.T.);
#2224=ADVANCED_FACE('',(#2035),#2115,.T.);
#2225=ADVANCED_FACE('',(#2036),#2116,.T.);
#2226=ADVANCED_FACE('',(#2037),#94,.F.);
#2227=ADVANCED_FACE('',(#2038),#95,.F.);
#2228=ADVANCED_FACE('',(#2039),#2117,.T.);
#2229=ADVANCED_FACE('',(#2040),#96,.T.);
#2230=ADVANCED_FACE('',(#2041),#97,.F.);
#2231=ADVANCED_FACE('',(#2042),#15,.F.);
#2232=ADVANCED_FACE('',(#2043),#16,.F.);
#2233=ADVANCED_FACE('',(#2044),#17,.F.);
#2234=ADVANCED_FACE('',(#2045),#18,.F.);
#2235=ADVANCED_FACE('',(#2046),#19,.F.);
#2236=ADVANCED_FACE('',(#2047),#20,.F.);
#2237=ADVANCED_FACE('',(#2048),#98,.F.);
#2238=ADVANCED_FACE('',(#2049),#2118,.T.);
#2239=ADVANCED_FACE('',(#2050),#2119,.F.);
#2240=ADVANCED_FACE('',(#2051),#2120,.F.);
#2241=ADVANCED_FACE('',(#2052),#2121,.F.);
#2242=ADVANCED_FACE('',(#2053),#2122,.T.);
#2243=ADVANCED_FACE('',(#2054,#2055,#2056),#2123,.T.);
#2244=ADVANCED_FACE('',(#2057),#2124,.F.);
#2245=ADVANCED_FACE('',(#2058),#2125,.F.);
#2246=ADVANCED_FACE('',(#2059),#2126,.T.);
#2247=ADVANCED_FACE('',(#2060),#2127,.F.);
#2248=ADVANCED_FACE('',(#2061),#2128,.F.);
#2249=ADVANCED_FACE('',(#2062),#2129,.T.);
#2250=ADVANCED_FACE('',(#2063),#99,.F.);
#2251=ADVANCED_FACE('',(#2064),#100,.F.);
#2252=ADVANCED_FACE('',(#2065),#101,.F.);
#2253=ADVANCED_FACE('',(#2066),#102,.F.);
#2254=ADVANCED_FACE('',(#2067),#103,.F.);
#2255=ADVANCED_FACE('',(#2068),#104,.F.);
#2256=ADVANCED_FACE('',(#2069),#105,.F.);
#2257=ADVANCED_FACE('',(#2070),#2130,.F.);
#2258=ADVANCED_FACE('',(#2071),#2131,.F.);
#2259=ADVANCED_FACE('',(#2072),#2132,.T.);
#2260=ADVANCED_FACE('',(#2073),#2133,.T.);
#2261=ADVANCED_FACE('',(#2074),#2134,.T.);
#2262=ADVANCED_FACE('',(#2075),#2135,.T.);
#2263=ADVANCED_FACE('',(#2076),#106,.T.);
#2264=ADVANCED_FACE('',(#2077),#107,.F.);
#2265=ADVANCED_FACE('',(#2078),#12,.T.);
#2266=ADVANCED_FACE('',(#2079),#21,.T.);
#2267=ADVANCED_FACE('',(#2080),#13,.T.);
#2268=ADVANCED_FACE('',(#2081),#108,.T.);
#2269=ADVANCED_FACE('',(#2082),#109,.T.);
#2270=ADVANCED_FACE('',(#2083),#14,.T.);
#2271=ADVANCED_FACE('',(#2084),#22,.T.);
#2272=ADVANCED_FACE('',(#2085),#110,.T.);
#2273=CLOSED_SHELL('',(#2136,#2137,#2138,#2139,#2140,#2141,#2142,#2143,
#2144,#2145,#2146,#2147,#2148,#2149,#2150,#2151,#2152,#2153,#2154,#2155,
#2156,#2157,#2158,#2159,#2160,#2161,#2162,#2163,#2164,#2165,#2166,#2167,
#2168,#2169,#2170,#2171,#2172,#2173,#2174,#2175,#2176,#2177,#2178,#2179,
#2180,#2181,#2182,#2183,#2184,#2185,#2186,#2187,#2188,#2189,#2190,#2191,
#2192,#2193,#2194,#2195,#2196,#2197,#2198,#2199,#2200,#2201,#2202,#2203,
#2204,#2205,#2206,#2207,#2208,#2209,#2210,#2211,#2212,#2213,#2214,#2215,
#2216,#2217,#2218,#2219,#2220,#2221,#2222,#2223,#2224,#2225,#2226,#2227,
#2228,#2229,#2230,#2231,#2232,#2233,#2234,#2235,#2236,#2237,#2238,#2239,
#2240,#2241,#2242,#2243,#2244,#2245,#2246,#2247,#2248,#2249,#2250,#2251,
#2252,#2253,#2254,#2255,#2256,#2257,#2258,#2259,#2260,#2261,#2262,#2263,
#2264,#2265,#2266,#2267,#2268,#2269,#2270,#2271,#2272));
#2274=STYLED_ITEM('',(#2275),#2282);
#2275=PRESENTATION_STYLE_ASSIGNMENT((#2276));
#2276=SURFACE_STYLE_USAGE(.BOTH.,#2277);
#2277=SURFACE_SIDE_STYLE('',(#2278));
#2278=SURFACE_STYLE_FILL_AREA(#2279);
#2279=FILL_AREA_STYLE('',(#2280));
#2280=FILL_AREA_STYLE_COLOUR('',#2281);
#2281=COLOUR_RGB('',0.501960784313726,0.501960784313726,0.501960784313726);
#2282=MANIFOLD_SOLID_BREP('Middle Insert',#2273);
#2283=SHAPE_DEFINITION_REPRESENTATION(#3984,#2284);
#2284=SHAPE_REPRESENTATION('Middle Insert',(#2285),#3979);
#2285=AXIS2_PLACEMENT_3D('',#3257,#2556,#2557);
#2286=AXIS2_PLACEMENT_3D('',#3258,#2558,#2559);
#2287=AXIS2_PLACEMENT_3D('',#3267,#2564,#2565);
#2288=AXIS2_PLACEMENT_3D('',#3276,#2570,#2571);
#2289=AXIS2_PLACEMENT_3D('',#3277,#2572,#2573);
#2290=AXIS2_PLACEMENT_3D('',#3279,#2574,#2575);
#2291=AXIS2_PLACEMENT_3D('',#3281,#2576,#2577);
#2292=AXIS2_PLACEMENT_3D('',#3283,#2578,#2579);
#2293=AXIS2_PLACEMENT_3D('',#3285,#2580,#2581);
#2294=AXIS2_PLACEMENT_3D('',#3287,#2582,#2583);
#2295=AXIS2_PLACEMENT_3D('',#3289,#2584,#2585);
#2296=AXIS2_PLACEMENT_3D('',#3291,#2586,#2587);
#2297=AXIS2_PLACEMENT_3D('',#3294,#2588,#2589);
#2298=AXIS2_PLACEMENT_3D('',#3298,#2591,#2592);
#2299=AXIS2_PLACEMENT_3D('',#3300,#2593,#2594);
#2300=AXIS2_PLACEMENT_3D('',#3302,#2595,#2596);
#2301=AXIS2_PLACEMENT_3D('',#3304,#2597,#2598);
#2302=AXIS2_PLACEMENT_3D('',#3306,#2599,#2600);
#2303=AXIS2_PLACEMENT_3D('',#3308,#2601,#2602);
#2304=AXIS2_PLACEMENT_3D('',#3317,#2607,#2608);
#2305=AXIS2_PLACEMENT_3D('',#3321,#2610,#2611);
#2306=AXIS2_PLACEMENT_3D('',#3331,#2616,#2617);
#2307=AXIS2_PLACEMENT_3D('',#3335,#2619,#2620);
#2308=AXIS2_PLACEMENT_3D('',#3339,#2622,#2623);
#2309=AXIS2_PLACEMENT_3D('',#3343,#2625,#2626);
#2310=AXIS2_PLACEMENT_3D('',#3345,#2627,#2628);
#2311=AXIS2_PLACEMENT_3D('',#3346,#2629,#2630);
#2312=AXIS2_PLACEMENT_3D('',#3371,#2643,#2644);
#2313=AXIS2_PLACEMENT_3D('',#3385,#2652,#2653);
#2314=AXIS2_PLACEMENT_3D('',#3391,#2657,#2658);
#2315=AXIS2_PLACEMENT_3D('',#3405,#2666,#2667);
#2316=AXIS2_PLACEMENT_3D('',#3414,#2672,#2673);
#2317=AXIS2_PLACEMENT_3D('',#3427,#2680,#2681);
#2318=AXIS2_PLACEMENT_3D('',#3428,#2682,#2683);
#2319=AXIS2_PLACEMENT_3D('',#3430,#2684,#2685);
#2320=AXIS2_PLACEMENT_3D('',#3433,#2687,#2688);
#2321=AXIS2_PLACEMENT_3D('',#3434,#2689,#2690);
#2322=AXIS2_PLACEMENT_3D('',#3436,#2691,#2692);
#2323=AXIS2_PLACEMENT_3D('',#3439,#2694,#2695);
#2324=AXIS2_PLACEMENT_3D('',#3440,#2696,#2697);
#2325=AXIS2_PLACEMENT_3D('',#3442,#2698,#2699);
#2326=AXIS2_PLACEMENT_3D('',#3445,#2701,#2702);
#2327=AXIS2_PLACEMENT_3D('',#3446,#2703,#2704);
#2328=AXIS2_PLACEMENT_3D('',#3448,#2705,#2706);
#2329=AXIS2_PLACEMENT_3D('',#3451,#2708,#2709);
#2330=AXIS2_PLACEMENT_3D('',#3452,#2710,#2711);
#2331=AXIS2_PLACEMENT_3D('',#3454,#2712,#2713);
#2332=AXIS2_PLACEMENT_3D('',#3457,#2715,#2716);
#2333=AXIS2_PLACEMENT_3D('',#3458,#2717,#2718);
#2334=AXIS2_PLACEMENT_3D('',#3459,#2719,#2720);
#2335=AXIS2_PLACEMENT_3D('',#3460,#2721,#2722);
#2336=AXIS2_PLACEMENT_3D('',#3466,#2726,#2727);
#2337=AXIS2_PLACEMENT_3D('',#3472,#2730,#2731);
#2338=AXIS2_PLACEMENT_3D('',#3479,#2735,#2736);
#2339=AXIS2_PLACEMENT_3D('',#3480,#2737,#2738);
#2340=AXIS2_PLACEMENT_3D('',#3482,#2739,#2740);
#2341=AXIS2_PLACEMENT_3D('',#3484,#2741,#2742);
#2342=AXIS2_PLACEMENT_3D('',#3485,#2743,#2744);
#2343=AXIS2_PLACEMENT_3D('',#3487,#2745,#2746);
#2344=AXIS2_PLACEMENT_3D('',#3489,#2747,#2748);
#2345=AXIS2_PLACEMENT_3D('',#3490,#2749,#2750);
#2346=AXIS2_PLACEMENT_3D('',#3492,#2751,#2752);
#2347=AXIS2_PLACEMENT_3D('',#3494,#2753,#2754);
#2348=AXIS2_PLACEMENT_3D('',#3495,#2755,#2756);
#2349=AXIS2_PLACEMENT_3D('',#3497,#2757,#2758);
#2350=AXIS2_PLACEMENT_3D('',#3499,#2759,#2760);
#2351=AXIS2_PLACEMENT_3D('',#3508,#2765,#2766);
#2352=AXIS2_PLACEMENT_3D('',#3517,#2768,#2769);
#2353=AXIS2_PLACEMENT_3D('',#3518,#2770,#2771);
#2354=AXIS2_PLACEMENT_3D('',#3519,#2772,#2773);
#2355=AXIS2_PLACEMENT_3D('',#3520,#2774,#2775);
#2356=AXIS2_PLACEMENT_3D('',#3523,#2776,#2777);
#2357=AXIS2_PLACEMENT_3D('',#3529,#2781,#2782);
#2358=AXIS2_PLACEMENT_3D('',#3530,#2783,#2784);
#2359=AXIS2_PLACEMENT_3D('',#3537,#2788,#2789);
#2360=AXIS2_PLACEMENT_3D('',#3540,#2791,#2792);
#2361=AXIS2_PLACEMENT_3D('',#3542,#2793,#2794);
#2362=AXIS2_PLACEMENT_3D('',#3544,#2795,#2796);
#2363=AXIS2_PLACEMENT_3D('',#3546,#2797,#2798);
#2364=AXIS2_PLACEMENT_3D('',#3547,#2799,#2800);
#2365=AXIS2_PLACEMENT_3D('',#3551,#2802,#2803);
#2366=AXIS2_PLACEMENT_3D('',#3553,#2804,#2805);
#2367=AXIS2_PLACEMENT_3D('',#3555,#2806,#2807);
#2368=AXIS2_PLACEMENT_3D('',#3559,#2809,#2810);
#2369=AXIS2_PLACEMENT_3D('',#3563,#2812,#2813);
#2370=AXIS2_PLACEMENT_3D('',#3564,#2814,#2815);
#2371=AXIS2_PLACEMENT_3D('',#3565,#2816,#2817);
#2372=AXIS2_PLACEMENT_3D('',#3567,#2818,#2819);
#2373=AXIS2_PLACEMENT_3D('',#3569,#2820,#2821);
#2374=AXIS2_PLACEMENT_3D('',#3571,#2822,#2823);
#2375=AXIS2_PLACEMENT_3D('',#3573,#2824,#2825);
#2376=AXIS2_PLACEMENT_3D('',#3575,#2826,#2827);
#2377=AXIS2_PLACEMENT_3D('',#3577,#2828,#2829);
#2378=AXIS2_PLACEMENT_3D('',#3579,#2830,#2831);
#2379=AXIS2_PLACEMENT_3D('',#3581,#2832,#2833);
#2380=AXIS2_PLACEMENT_3D('',#3583,#2834,#2835);
#2381=AXIS2_PLACEMENT_3D('',#3585,#2836,#2837);
#2382=AXIS2_PLACEMENT_3D('',#3590,#2839,#2840);
#2383=AXIS2_PLACEMENT_3D('',#3594,#2842,#2843);
#2384=AXIS2_PLACEMENT_3D('',#3597,#2845,#2846);
#2385=AXIS2_PLACEMENT_3D('',#3598,#2847,#2848);
#2386=AXIS2_PLACEMENT_3D('',#3600,#2849,#2850);
#2387=AXIS2_PLACEMENT_3D('',#3602,#2851,#2852);
#2388=AXIS2_PLACEMENT_3D('',#3603,#2853,#2854);
#2389=AXIS2_PLACEMENT_3D('',#3605,#2855,#2856);
#2390=AXIS2_PLACEMENT_3D('',#3607,#2857,#2858);
#2391=AXIS2_PLACEMENT_3D('',#3608,#2859,#2860);
#2392=AXIS2_PLACEMENT_3D('',#3610,#2861,#2862);
#2393=AXIS2_PLACEMENT_3D('',#3612,#2863,#2864);
#2394=AXIS2_PLACEMENT_3D('',#3613,#2865,#2866);
#2395=AXIS2_PLACEMENT_3D('',#3615,#2867,#2868);
#2396=AXIS2_PLACEMENT_3D('',#3617,#2869,#2870);
#2397=AXIS2_PLACEMENT_3D('',#3618,#2871,#2872);
#2398=AXIS2_PLACEMENT_3D('',#3620,#2873,#2874);
#2399=AXIS2_PLACEMENT_3D('',#3622,#2875,#2876);
#2400=AXIS2_PLACEMENT_3D('',#3623,#2877,#2878);
#2401=AXIS2_PLACEMENT_3D('',#3625,#2879,#2880);
#2402=AXIS2_PLACEMENT_3D('',#3627,#2881,#2882);
#2403=AXIS2_PLACEMENT_3D('',#3628,#2883,#2884);
#2404=AXIS2_PLACEMENT_3D('',#3629,#2885,#2886);
#2405=AXIS2_PLACEMENT_3D('',#3630,#2887,#2888);
#2406=AXIS2_PLACEMENT_3D('',#3631,#2889,#2890);
#2407=AXIS2_PLACEMENT_3D('',#3632,#2891,#2892);
#2408=AXIS2_PLACEMENT_3D('',#3633,#2893,#2894);
#2409=AXIS2_PLACEMENT_3D('',#3634,#2895,#2896);
#2410=AXIS2_PLACEMENT_3D('',#3636,#2897,#2898);
#2411=AXIS2_PLACEMENT_3D('',#3637,#2899,#2900);
#2412=AXIS2_PLACEMENT_3D('',#3639,#2901,#2902);
#2413=AXIS2_PLACEMENT_3D('',#3640,#2903,#2904);
#2414=AXIS2_PLACEMENT_3D('',#3642,#2905,#2906);
#2415=AXIS2_PLACEMENT_3D('',#3643,#2907,#2908);
#2416=AXIS2_PLACEMENT_3D('',#3645,#2909,#2910);
#2417=AXIS2_PLACEMENT_3D('',#3646,#2911,#2912);
#2418=AXIS2_PLACEMENT_3D('',#3648,#2913,#2914);
#2419=AXIS2_PLACEMENT_3D('',#3649,#2915,#2916);
#2420=AXIS2_PLACEMENT_3D('',#3651,#2917,#2918);
#2421=AXIS2_PLACEMENT_3D('',#3652,#2919,#2920);
#2422=AXIS2_PLACEMENT_3D('',#3654,#2921,#2922);
#2423=AXIS2_PLACEMENT_3D('',#3655,#2923,#2924);
#2424=AXIS2_PLACEMENT_3D('',#3657,#2925,#2926);
#2425=AXIS2_PLACEMENT_3D('',#3658,#2927,#2928);
#2426=AXIS2_PLACEMENT_3D('',#3660,#2929,#2930);
#2427=AXIS2_PLACEMENT_3D('',#3661,#2931,#2932);
#2428=AXIS2_PLACEMENT_3D('',#3663,#2933,#2934);
#2429=AXIS2_PLACEMENT_3D('',#3664,#2935,#2936);
#2430=AXIS2_PLACEMENT_3D('',#3666,#2937,#2938);
#2431=AXIS2_PLACEMENT_3D('',#3667,#2939,#2940);
#2432=AXIS2_PLACEMENT_3D('',#3669,#2941,#2942);
#2433=AXIS2_PLACEMENT_3D('',#3670,#2943,#2944);
#2434=AXIS2_PLACEMENT_3D('',#3672,#2945,#2946);
#2435=AXIS2_PLACEMENT_3D('',#3673,#2947,#2948);
#2436=AXIS2_PLACEMENT_3D('',#3675,#2949,#2950);
#2437=AXIS2_PLACEMENT_3D('',#3676,#2951,#2952);
#2438=AXIS2_PLACEMENT_3D('',#3678,#2953,#2954);
#2439=AXIS2_PLACEMENT_3D('',#3679,#2955,#2956);
#2440=AXIS2_PLACEMENT_3D('',#3681,#2957,#2958);
#2441=AXIS2_PLACEMENT_3D('',#3682,#2959,#2960);
#2442=AXIS2_PLACEMENT_3D('',#3683,#2961,#2962);
#2443=AXIS2_PLACEMENT_3D('',#3684,#2963,#2964);
#2444=AXIS2_PLACEMENT_3D('',#3685,#2965,#2966);
#2445=AXIS2_PLACEMENT_3D('',#3686,#2967,#2968);
#2446=AXIS2_PLACEMENT_3D('',#3687,#2969,#2970);
#2447=AXIS2_PLACEMENT_3D('',#3688,#2971,#2972);
#2448=AXIS2_PLACEMENT_3D('',#3689,#2973,#2974);
#2449=AXIS2_PLACEMENT_3D('',#3690,#2975,#2976);
#2450=AXIS2_PLACEMENT_3D('',#3691,#2977,#2978);
#2451=AXIS2_PLACEMENT_3D('',#3692,#2979,#2980);
#2452=AXIS2_PLACEMENT_3D('',#3693,#2981,#2982);
#2453=AXIS2_PLACEMENT_3D('',#3694,#2983,#2984);
#2454=AXIS2_PLACEMENT_3D('',#3695,#2985,#2986);
#2455=AXIS2_PLACEMENT_3D('',#3696,#2987,#2988);
#2456=AXIS2_PLACEMENT_3D('',#3697,#2989,#2990);
#2457=AXIS2_PLACEMENT_3D('',#3698,#2991,#2992);
#2458=AXIS2_PLACEMENT_3D('',#3699,#2993,#2994);
#2459=AXIS2_PLACEMENT_3D('',#3700,#2995,#2996);
#2460=AXIS2_PLACEMENT_3D('',#3701,#2997,#2998);
#2461=AXIS2_PLACEMENT_3D('',#3707,#3000,#3001);
#2462=AXIS2_PLACEMENT_3D('',#3708,#3002,#3003);
#2463=AXIS2_PLACEMENT_3D('',#3710,#3005,#3006);
#2464=AXIS2_PLACEMENT_3D('',#3712,#3008,#3009);
#2465=AXIS2_PLACEMENT_3D('',#3714,#3011,#3012);
#2466=AXIS2_PLACEMENT_3D('',#3715,#3013,#3014);
#2467=AXIS2_PLACEMENT_3D('',#3717,#3016,#3017);
#2468=AXIS2_PLACEMENT_3D('',#3720,#3020,#3021);
#2469=AXIS2_PLACEMENT_3D('',#3722,#3023,#3024);
#2470=AXIS2_PLACEMENT_3D('',#3724,#3026,#3027);
#2471=AXIS2_PLACEMENT_3D('',#3726,#3029,#3030);
#2472=AXIS2_PLACEMENT_3D('',#3728,#3032,#3033);
#2473=AXIS2_PLACEMENT_3D('',#3729,#3034,#3035);
#2474=AXIS2_PLACEMENT_3D('',#3735,#3039,#3040);
#2475=AXIS2_PLACEMENT_3D('',#3738,#3042,#3043);
#2476=AXIS2_PLACEMENT_3D('',#3739,#3044,#3045);
#2477=AXIS2_PLACEMENT_3D('',#3742,#3047,#3048);
#2478=AXIS2_PLACEMENT_3D('',#3743,#3049,#3050);
#2479=AXIS2_PLACEMENT_3D('',#3746,#3052,#3053);
#2480=AXIS2_PLACEMENT_3D('',#3747,#3054,#3055);
#2481=AXIS2_PLACEMENT_3D('',#3750,#3057,#3058);
#2482=AXIS2_PLACEMENT_3D('',#3751,#3059,#3060);
#2483=AXIS2_PLACEMENT_3D('',#3754,#3062,#3063);
#2484=AXIS2_PLACEMENT_3D('',#3755,#3064,#3065);
#2485=AXIS2_PLACEMENT_3D('',#3756,#3066,#3067);
#2486=AXIS2_PLACEMENT_3D('',#3757,#3068,#3069);
#2487=AXIS2_PLACEMENT_3D('',#3760,#3072,#3073);
#2488=AXIS2_PLACEMENT_3D('',#3763,#3076,#3077);
#2489=AXIS2_PLACEMENT_3D('',#3764,#3078,#3079);
#2490=AXIS2_PLACEMENT_3D('',#3765,#3080,#3081);
#2491=AXIS2_PLACEMENT_3D('',#3768,#3083,#3084);
#2492=AXIS2_PLACEMENT_3D('',#3771,#3086,#3087);
#2493=AXIS2_PLACEMENT_3D('',#3774,#3090,#3091);
#2494=AXIS2_PLACEMENT_3D('',#3781,#3092,#3093);
#2495=AXIS2_PLACEMENT_3D('',#3783,#3095,#3096);
#2496=AXIS2_PLACEMENT_3D('',#3785,#3098,#3099);
#2497=AXIS2_PLACEMENT_3D('',#3786,#3100,#3101);
#2498=AXIS2_PLACEMENT_3D('',#3787,#3102,#3103);
#2499=AXIS2_PLACEMENT_3D('',#3788,#3104,#3105);
#2500=AXIS2_PLACEMENT_3D('',#3789,#3106,#3107);
#2501=AXIS2_PLACEMENT_3D('',#3790,#3108,#3109);
#2502=AXIS2_PLACEMENT_3D('',#3791,#3110,#3111);
#2503=AXIS2_PLACEMENT_3D('',#3792,#3112,#3113);
#2504=AXIS2_PLACEMENT_3D('',#3793,#3114,#3115);
#2505=AXIS2_PLACEMENT_3D('',#3794,#3116,#3117);
#2506=AXIS2_PLACEMENT_3D('',#3795,#3118,#3119);
#2507=AXIS2_PLACEMENT_3D('',#3796,#3120,#3121);
#2508=AXIS2_PLACEMENT_3D('',#3797,#3122,#3123);
#2509=AXIS2_PLACEMENT_3D('',#3798,#3124,#3125);
#2510=AXIS2_PLACEMENT_3D('',#3811,#3126,#3127);
#2511=AXIS2_PLACEMENT_3D('',#3818,#3132,#3133);
#2512=AXIS2_PLACEMENT_3D('',#3825,#3138,#3139);
#2513=AXIS2_PLACEMENT_3D('',#3831,#3143,#3144);
#2514=AXIS2_PLACEMENT_3D('',#3837,#3148,#3149);
#2515=AXIS2_PLACEMENT_3D('',#3839,#3151,#3152);
#2516=AXIS2_PLACEMENT_3D('',#3850,#3159,#3160);
#2517=AXIS2_PLACEMENT_3D('',#3854,#3162,#3163);
#2518=AXIS2_PLACEMENT_3D('',#3855,#3164,#3165);
#2519=AXIS2_PLACEMENT_3D('',#3858,#3168,#3169);
#2520=AXIS2_PLACEMENT_3D('',#3859,#3170,#3171);
#2521=AXIS2_PLACEMENT_3D('',#3860,#3172,#3173);
#2522=AXIS2_PLACEMENT_3D('',#3863,#3176,#3177);
#2523=AXIS2_PLACEMENT_3D('',#3864,#3178,#3179);
#2524=AXIS2_PLACEMENT_3D('',#3865,#3180,#3181);
#2525=AXIS2_PLACEMENT_3D('',#3866,#3182,#3183);
#2526=AXIS2_PLACEMENT_3D('',#3867,#3184,#3185);
#2527=AXIS2_PLACEMENT_3D('',#3868,#3186,#3187);
#2528=AXIS2_PLACEMENT_3D('',#3869,#3188,#3189);
#2529=AXIS2_PLACEMENT_3D('',#3870,#3190,#3191);
#2530=AXIS2_PLACEMENT_3D('',#3871,#3192,#3193);
#2531=AXIS2_PLACEMENT_3D('',#3872,#3194,#3195);
#2532=AXIS2_PLACEMENT_3D('',#3880,#3197,#3198);
#2533=AXIS2_PLACEMENT_3D('',#3887,#3199,#3200);
#2534=AXIS2_PLACEMENT_3D('',#3890,#3202,#3203);
#2535=AXIS2_PLACEMENT_3D('',#3895,#3206,#3207);
#2536=AXIS2_PLACEMENT_3D('',#3898,#3209,#3210);
#2537=AXIS2_PLACEMENT_3D('',#3902,#3213,#3214);
#2538=AXIS2_PLACEMENT_3D('',#3905,#3216,#3217);
#2539=AXIS2_PLACEMENT_3D('',#3910,#3220,#3221);
#2540=AXIS2_PLACEMENT_3D('',#3911,#3222,#3223);
#2541=AXIS2_PLACEMENT_3D('',#3913,#3225,#3226);
#2542=AXIS2_PLACEMENT_3D('',#3915,#3228,#3229);
#2543=AXIS2_PLACEMENT_3D('',#3917,#3231,#3232);
#2544=AXIS2_PLACEMENT_3D('',#3918,#3233,#3234);
#2545=AXIS2_PLACEMENT_3D('',#3937,#3235,#3236);
#2546=AXIS2_PLACEMENT_3D('',#3938,#3237,#3238);
#2547=AXIS2_PLACEMENT_3D('',#3939,#3239,#3240);
#2548=AXIS2_PLACEMENT_3D('',#3955,#3241,#3242);
#2549=AXIS2_PLACEMENT_3D('',#3956,#3243,#3244);
#2550=AXIS2_PLACEMENT_3D('',#3957,#3245,#3246);
#2551=AXIS2_PLACEMENT_3D('',#3958,#3247,#3248);
#2552=AXIS2_PLACEMENT_3D('',#3974,#3249,#3250);
#2553=AXIS2_PLACEMENT_3D('',#3975,#3251,#3252);
#2554=AXIS2_PLACEMENT_3D('',#3976,#3253,#3254);
#2555=AXIS2_PLACEMENT_3D('',#3977,#3255,#3256);
#2556=DIRECTION('',(0.,0.,1.));
#2557=DIRECTION('',(1.,0.,0.));
#2558=DIRECTION('',(0.,1.,0.));
#2559=DIRECTION('',(0.,0.,-1.));
#2560=DIRECTION('',(0.,0.,1.));
#2561=DIRECTION('',(-1.,0.,0.));
#2562=DIRECTION('',(0.,0.,1.));
#2563=DIRECTION('',(-1.,0.,0.));
#2564=DIRECTION('',(0.,-1.,0.));
#2565=DIRECTION('',(0.,0.,1.));
#2566=DIRECTION('',(-1.,0.,0.));
#2567=DIRECTION('',(0.,0.,1.));
#2568=DIRECTION('',(-1.,0.,0.));
#2569=DIRECTION('',(0.,0.,1.));
#2570=DIRECTION('',(0.,0.,1.));
#2571=DIRECTION('',(-1.,0.,0.));
#2572=DIRECTION('',(0.,0.,1.));
#2573=DIRECTION('',(1.,0.,0.));
#2574=DIRECTION('',(0.,0.,1.));
#2575=DIRECTION('',(1.,0.,0.));
#2576=DIRECTION('',(0.,0.,1.));
#2577=DIRECTION('',(1.,0.,0.));
#2578=DIRECTION('',(0.,0.,1.));
#2579=DIRECTION('',(1.,0.,0.));
#2580=DIRECTION('',(0.,0.,1.));
#2581=DIRECTION('',(1.,0.,0.));
#2582=DIRECTION('',(0.,0.,1.));
#2583=DIRECTION('',(1.,0.,0.));
#2584=DIRECTION('',(0.,0.,1.));
#2585=DIRECTION('',(1.,0.,0.));
#2586=DIRECTION('',(0.,0.,1.));
#2587=DIRECTION('',(1.,0.,0.));
#2588=DIRECTION('',(0.,0.,1.));
#2589=DIRECTION('',(1.,0.,0.));
#2590=DIRECTION('',(1.9956350106926E-16,-1.,0.));
#2591=DIRECTION('',(0.,0.,1.));
#2592=DIRECTION('',(1.,1.0842021724855E-16,0.));
#2593=DIRECTION('',(0.,0.,1.));
#2594=DIRECTION('',(-0.808662602477727,-0.588272721918966,0.));
#2595=DIRECTION('',(0.,0.,1.));
#2596=DIRECTION('',(0.808662602477727,0.588272721918966,0.));
#2597=DIRECTION('',(0.,0.,1.));
#2598=DIRECTION('',(0.401213811896911,0.915984430622677,0.));
#2599=DIRECTION('',(0.,0.,1.));
#2600=DIRECTION('',(-0.40121381189691,0.915984430622677,0.));
#2601=DIRECTION('',(0.,0.,1.));
#2602=DIRECTION('',(1.7347234759768E-16,-1.,0.));
#2603=DIRECTION('',(-1.,0.,0.));
#2604=DIRECTION('',(0.,-1.,0.));
#2605=DIRECTION('',(-1.,0.,0.));
#2606=DIRECTION('',(0.,-1.,0.));
#2607=DIRECTION('',(0.,0.,1.));
#2608=DIRECTION('',(1.,0.,0.));
#2609=DIRECTION('',(0.,-1.,0.));
#2610=DIRECTION('',(0.,0.,1.));
#2611=DIRECTION('',(1.,0.,0.));
#2612=DIRECTION('',(1.,1.85037170770859E-16,0.));
#2613=DIRECTION('',(0.,1.,0.));
#2614=DIRECTION('',(-1.,0.,0.));
#2615=DIRECTION('',(0.,-1.,0.));
#2616=DIRECTION('',(0.,0.,1.));
#2617=DIRECTION('',(1.,0.,0.));
#2618=DIRECTION('',(-1.,0.,0.));
#2619=DIRECTION('',(0.,0.,-1.));
#2620=DIRECTION('',(1.,0.,0.));
#2621=DIRECTION('',(0.,1.,0.));
#2622=DIRECTION('',(0.,0.,1.));
#2623=DIRECTION('',(1.,0.,0.));
#2624=DIRECTION('',(1.,0.,0.));
#2625=DIRECTION('',(0.,0.,1.));
#2626=DIRECTION('',(1.,0.,0.));
#2627=DIRECTION('',(0.,0.,1.));
#2628=DIRECTION('',(1.,0.,0.));
#2629=DIRECTION('',(0.,0.,-1.));
#2630=DIRECTION('',(-1.,0.,0.));
#2631=DIRECTION('',(-1.,0.,0.));
#2632=DIRECTION('',(0.,1.,0.));
#2633=DIRECTION('',(-1.,0.,0.));
#2634=DIRECTION('',(0.,1.,0.));
#2635=DIRECTION('',(-1.,0.,0.));
#2636=DIRECTION('',(0.,1.,0.));
#2637=DIRECTION('',(-1.,0.,0.));
#2638=DIRECTION('',(0.,1.,0.));
#2639=DIRECTION('',(-1.,-1.85037170770859E-16,0.));
#2640=DIRECTION('',(0.,1.,0.));
#2641=DIRECTION('',(-1.,0.,0.));
#2642=DIRECTION('',(1.44560289664734E-16,-1.,0.));
#2643=DIRECTION('',(-1.85037170770859E-16,1.,0.));
#2644=DIRECTION('',(1.,1.85037170770859E-16,0.));
#2645=DIRECTION('',(0.,0.,1.));
#2646=DIRECTION('',(0.,0.,1.));
#2647=DIRECTION('',(-1.,-1.85037170770859E-16,0.));
#2648=DIRECTION('',(0.,0.,-1.));
#2649=DIRECTION('',(1.,1.85037170770859E-16,0.));
#2650=DIRECTION('',(0.,0.,-1.));
#2651=DIRECTION('',(-1.,-1.85037170770859E-16,0.));
#2652=DIRECTION('',(1.30841038223648E-16,-0.707106781186551,0.707106781186545));
#2653=DIRECTION('',(-1.,-1.85037170770859E-16,0.));
#2654=DIRECTION('',(1.,1.85037170770859E-16,0.));
#2655=DIRECTION('',(0.,-0.707106781186545,-0.707106781186551));
#2656=DIRECTION('',(0.,0.707106781186545,0.707106781186551));
#2657=DIRECTION('',(0.,1.,0.));
#2658=DIRECTION('',(0.,0.,-1.));
#2659=DIRECTION('',(-1.,0.,0.));
#2660=DIRECTION('',(0.,0.,-1.));
#2661=DIRECTION('',(-1.,0.,0.));
#2662=DIRECTION('',(0.,0.,1.));
#2663=DIRECTION('',(-1.,0.,0.));
#2664=DIRECTION('',(0.,0.,1.));
#2665=DIRECTION('',(0.,0.,1.));
#2666=DIRECTION('',(0.,1.,0.));
#2667=DIRECTION('',(0.,0.,-1.));
#2668=DIRECTION('',(-1.,0.,0.));
#2669=DIRECTION('',(0.,0.,-1.));
#2670=DIRECTION('',(-1.,0.,0.));
#2671=DIRECTION('',(0.,0.,1.));
#2672=DIRECTION('',(1.,1.9956350106926E-16,0.));
#2673=DIRECTION('',(1.9956350106926E-16,-1.,0.));
#2674=DIRECTION('',(-1.9956350106926E-16,1.,0.));
#2675=DIRECTION('',(0.,0.,1.));
#2676=DIRECTION('',(0.,-1.,0.));
#2677=DIRECTION('',(0.,0.,1.));
#2678=DIRECTION('',(1.9956350106926E-16,-1.,0.));
#2679=DIRECTION('',(0.,0.,1.));
#2680=DIRECTION('',(0.,0.,1.));
#2681=DIRECTION('',(1.,0.,0.));
#2682=DIRECTION('',(0.,0.,1.));
#2683=DIRECTION('',(1.,5.4780741346636E-16,0.));
#2684=DIRECTION('',(0.,0.,1.));
#2685=DIRECTION('',(1.,1.0842021724855E-16,0.));
#2686=DIRECTION('',(0.,0.,1.));
#2687=DIRECTION('',(0.,0.,1.));
#2688=DIRECTION('',(1.,0.,0.));
#2689=DIRECTION('',(0.,0.,-1.));
#2690=DIRECTION('',(-0.468070071149356,-0.883691353637817,0.));
#2691=DIRECTION('',(0.,0.,1.));
#2692=DIRECTION('',(-0.808662602477727,-0.588272721918966,0.));
#2693=DIRECTION('',(0.,0.,1.));
#2694=DIRECTION('',(0.,0.,1.));
#2695=DIRECTION('',(1.,0.,0.));
#2696=DIRECTION('',(0.,0.,1.));
#2697=DIRECTION('',(0.808662602477727,0.588272721918967,0.));
#2698=DIRECTION('',(0.,0.,1.));
#2699=DIRECTION('',(0.808662602477727,0.588272721918966,0.));
#2700=DIRECTION('',(0.,0.,1.));
#2701=DIRECTION('',(0.,0.,1.));
#2702=DIRECTION('',(1.,0.,0.));
#2703=DIRECTION('',(0.,0.,1.));
#2704=DIRECTION('',(0.40121381189691,0.915984430622678,0.));
#2705=DIRECTION('',(0.,0.,1.));
#2706=DIRECTION('',(0.401213811896911,0.915984430622677,0.));
#2707=DIRECTION('',(0.,0.,1.));
#2708=DIRECTION('',(0.,0.,1.));
#2709=DIRECTION('',(1.,0.,0.));
#2710=DIRECTION('',(0.,0.,1.));
#2711=DIRECTION('',(-0.401213811896911,0.915984430622677,0.));
#2712=DIRECTION('',(0.,0.,1.));
#2713=DIRECTION('',(-0.40121381189691,0.915984430622677,0.));
#2714=DIRECTION('',(0.,0.,1.));
#2715=DIRECTION('',(0.,0.,1.));
#2716=DIRECTION('',(1.,0.,0.));
#2717=DIRECTION('',(0.,0.,-1.));
#2718=DIRECTION('',(0.808662602477727,-0.588272721918966,0.));
#2719=DIRECTION('',(0.,0.,1.));
#2720=DIRECTION('',(1.7347234759768E-16,-1.,0.));
#2721=DIRECTION('',(-1.,-1.9956350106926E-16,0.));
#2722=DIRECTION('',(-1.9956350106926E-16,1.,0.));
#2723=DIRECTION('',(0.,0.,1.));
#2724=DIRECTION('',(-1.9956350106926E-16,1.,0.));
#2725=DIRECTION('',(0.,0.,1.));
#2726=DIRECTION('',(1.,0.,0.));
#2727=DIRECTION('',(0.,0.,-1.));
#2728=DIRECTION('',(0.,1.,0.));
#2729=DIRECTION('',(0.,0.,1.));
#2730=DIRECTION('',(1.,0.,0.));
#2731=DIRECTION('',(0.,0.,-1.));
#2732=DIRECTION('',(0.,0.,-1.));
#2733=DIRECTION('',(0.,-1.,0.));
#2734=DIRECTION('',(0.,0.,-1.));
#2735=DIRECTION('',(0.,0.,-1.));
#2736=DIRECTION('',(-1.,0.,0.));
#2737=DIRECTION('',(0.,0.,-1.));
#2738=DIRECTION('',(-1.,0.,0.));
#2739=DIRECTION('',(0.,0.,1.));
#2740=DIRECTION('',(1.,0.,0.));
#2741=DIRECTION('',(0.,0.,-1.));
#2742=DIRECTION('',(-1.,0.,0.));
#2743=DIRECTION('',(0.,0.,-1.));
#2744=DIRECTION('',(-1.,0.,0.));
#2745=DIRECTION('',(0.,0.,1.));
#2746=DIRECTION('',(1.,0.,0.));
#2747=DIRECTION('',(0.,0.,-1.));
#2748=DIRECTION('',(-1.,0.,0.));
#2749=DIRECTION('',(0.,0.,-1.));
#2750=DIRECTION('',(-1.,0.,0.));
#2751=DIRECTION('',(0.,0.,1.));
#2752=DIRECTION('',(1.,0.,0.));
#2753=DIRECTION('',(0.,0.,-1.));
#2754=DIRECTION('',(-1.,0.,0.));
#2755=DIRECTION('',(0.,0.,-1.));
#2756=DIRECTION('',(-1.,0.,0.));
#2757=DIRECTION('',(0.,0.,1.));
#2758=DIRECTION('',(1.,0.,0.));
#2759=DIRECTION('',(-1.,-7.70988211545248E-17,0.));
#2760=DIRECTION('',(-7.70988211545248E-17,1.,0.));
#2761=DIRECTION('',(0.,0.,-1.));
#2762=DIRECTION('',(7.70988211545248E-17,-1.,0.));
#2763=DIRECTION('',(0.,0.,-1.));
#2764=DIRECTION('',(-7.70988211545248E-17,1.,0.));
#2765=DIRECTION('',(0.,0.,-1.));
#2766=DIRECTION('',(-1.,0.,0.));
#2767=DIRECTION('',(0.,0.,-1.));
#2768=DIRECTION('',(0.,0.,1.));
#2769=DIRECTION('',(1.,0.,0.));
#2770=DIRECTION('',(0.,0.,1.));
#2771=DIRECTION('',(1.,0.,0.));
#2772=DIRECTION('',(0.,0.,1.));
#2773=DIRECTION('',(-1.,0.,0.));
#2774=DIRECTION('',(0.,0.,1.));
#2775=DIRECTION('',(1.,0.,0.));
#2776=DIRECTION('',(0.,0.,1.));
#2777=DIRECTION('',(1.,0.,0.));
#2778=DIRECTION('',(0.,1.,0.));
#2779=DIRECTION('',(-1.,0.,0.));
#2780=DIRECTION('',(0.,1.,0.));
#2781=DIRECTION('',(0.,0.,-1.));
#2782=DIRECTION('',(1.,0.,0.));
#2783=DIRECTION('',(0.,0.,1.));
#2784=DIRECTION('',(1.,0.,0.));
#2785=DIRECTION('',(0.,-1.,0.));
#2786=DIRECTION('',(-1.,0.,0.));
#2787=DIRECTION('',(0.,1.,0.));
#2788=DIRECTION('',(0.,0.,1.));
#2789=DIRECTION('',(1.,0.,0.));
#2790=DIRECTION('',(-7.70988211545248E-17,1.,0.));
#2791=DIRECTION('',(0.,0.,1.));
#2792=DIRECTION('',(1.,0.,0.));
#2793=DIRECTION('',(0.,0.,1.));
#2794=DIRECTION('',(1.,0.,0.));
#2795=DIRECTION('',(0.,0.,1.));
#2796=DIRECTION('',(1.,0.,0.));
#2797=DIRECTION('',(0.,0.,1.));
#2798=DIRECTION('',(-1.,0.,0.));
#2799=DIRECTION('',(0.,0.,1.));
#2800=DIRECTION('',(1.,0.,0.));
#2801=DIRECTION('',(1.,0.,0.));
#2802=DIRECTION('',(0.,0.,1.));
#2803=DIRECTION('',(1.,0.,0.));
#2804=DIRECTION('',(0.,0.,1.));
#2805=DIRECTION('',(1.,0.,0.));
#2806=DIRECTION('',(0.,0.,1.));
#2807=DIRECTION('',(1.,0.,0.));
#2808=DIRECTION('',(1.,0.,0.));
#2809=DIRECTION('',(0.,0.,1.));
#2810=DIRECTION('',(1.,0.,0.));
#2811=DIRECTION('',(0.,1.,0.));
#2812=DIRECTION('',(0.,0.,1.));
#2813=DIRECTION('',(1.,0.,0.));
#2814=DIRECTION('',(0.,0.,1.));
#2815=DIRECTION('',(1.,0.,0.));
#2816=DIRECTION('',(0.,0.,1.));
#2817=DIRECTION('',(1.,0.,0.));
#2818=DIRECTION('',(0.,0.,1.));
#2819=DIRECTION('',(1.,0.,0.));
#2820=DIRECTION('',(0.,0.,1.));
#2821=DIRECTION('',(1.,0.,0.));
#2822=DIRECTION('',(0.,0.,1.));
#2823=DIRECTION('',(1.,0.,0.));
#2824=DIRECTION('',(0.,0.,1.));
#2825=DIRECTION('',(1.,0.,0.));
#2826=DIRECTION('',(0.,0.,1.));
#2827=DIRECTION('',(1.,0.,0.));
#2828=DIRECTION('',(0.,0.,1.));
#2829=DIRECTION('',(1.,0.,0.));
#2830=DIRECTION('',(0.,0.,1.));
#2831=DIRECTION('',(1.,0.,0.));
#2832=DIRECTION('',(0.,0.,1.));
#2833=DIRECTION('',(1.,0.,0.));
#2834=DIRECTION('',(0.,0.,1.));
#2835=DIRECTION('',(1.,0.,0.));
#2836=DIRECTION('',(0.,0.,1.));
#2837=DIRECTION('',(1.,0.,0.));
#2838=DIRECTION('',(-1.,-1.85037170770859E-16,0.));
#2839=DIRECTION('',(0.,0.,1.));
#2840=DIRECTION('',(1.,0.,0.));
#2841=DIRECTION('',(0.,1.,0.));
#2842=DIRECTION('',(0.,0.,1.));
#2843=DIRECTION('',(1.,0.,0.));
#2844=DIRECTION('',(7.70988211545248E-17,-1.,0.));
#2845=DIRECTION('',(0.,0.,-1.));
#2846=DIRECTION('',(-1.,0.,0.));
#2847=DIRECTION('',(0.,0.,1.));
#2848=DIRECTION('',(1.,0.,0.));
#2849=DIRECTION('',(0.,0.,1.));
#2850=DIRECTION('',(1.,0.,0.));
#2851=DIRECTION('',(0.,0.,-1.));
#2852=DIRECTION('',(-1.,0.,0.));
#2853=DIRECTION('',(0.,0.,1.));
#2854=DIRECTION('',(1.,0.,0.));
#2855=DIRECTION('',(0.,0.,1.));
#2856=DIRECTION('',(1.,0.,0.));
#2857=DIRECTION('',(0.,0.,-1.));
#2858=DIRECTION('',(-1.,0.,0.));
#2859=DIRECTION('',(0.,0.,1.));
#2860=DIRECTION('',(1.,0.,0.));
#2861=DIRECTION('',(0.,0.,1.));
#2862=DIRECTION('',(1.,0.,0.));
#2863=DIRECTION('',(0.,0.,-1.));
#2864=DIRECTION('',(-1.,0.,0.));
#2865=DIRECTION('',(0.,0.,1.));
#2866=DIRECTION('',(1.,0.,0.));
#2867=DIRECTION('',(0.,0.,1.));
#2868=DIRECTION('',(1.,0.,0.));
#2869=DIRECTION('',(0.,0.,-1.));
#2870=DIRECTION('',(-1.,0.,0.));
#2871=DIRECTION('',(0.,0.,1.));
#2872=DIRECTION('',(1.,0.,0.));
#2873=DIRECTION('',(0.,0.,1.));
#2874=DIRECTION('',(1.,0.,0.));
#2875=DIRECTION('',(0.,0.,-1.));
#2876=DIRECTION('',(-1.,0.,0.));
#2877=DIRECTION('',(0.,0.,1.));
#2878=DIRECTION('',(1.,0.,0.));
#2879=DIRECTION('',(0.,0.,1.));
#2880=DIRECTION('',(1.,0.,0.));
#2881=DIRECTION('',(0.,0.,-1.));
#2882=DIRECTION('',(-1.,0.,0.));
#2883=DIRECTION('',(0.,0.,1.));
#2884=DIRECTION('',(1.,0.,0.));
#2885=DIRECTION('',(0.,0.,1.));
#2886=DIRECTION('',(1.,0.,0.));
#2887=DIRECTION('',(0.,0.,-1.));
#2888=DIRECTION('',(-1.,0.,0.));
#2889=DIRECTION('',(0.,0.,1.));
#2890=DIRECTION('',(1.,0.,0.));
#2891=DIRECTION('',(0.,0.,1.));
#2892=DIRECTION('',(1.,0.,0.));
#2893=DIRECTION('',(0.,0.,-1.));
#2894=DIRECTION('',(-1.,0.,0.));
#2895=DIRECTION('',(0.,0.,-1.));
#2896=DIRECTION('',(-1.,0.,0.));
#2897=DIRECTION('',(0.,0.,-1.));
#2898=DIRECTION('',(-1.,0.,0.));
#2899=DIRECTION('',(0.,0.,1.));
#2900=DIRECTION('',(1.,0.,0.));
#2901=DIRECTION('',(0.,0.,-1.));
#2902=DIRECTION('',(-1.,0.,0.));
#2903=DIRECTION('',(0.,0.,-1.));
#2904=DIRECTION('',(-1.,0.,0.));
#2905=DIRECTION('',(0.,0.,-1.));
#2906=DIRECTION('',(-1.,0.,0.));
#2907=DIRECTION('',(0.,0.,1.));
#2908=DIRECTION('',(1.,0.,0.));
#2909=DIRECTION('',(0.,0.,-1.));
#2910=DIRECTION('',(-1.,0.,0.));
#2911=DIRECTION('',(0.,0.,-1.));
#2912=DIRECTION('',(-1.,0.,0.));
#2913=DIRECTION('',(0.,0.,-1.));
#2914=DIRECTION('',(-1.,0.,0.));
#2915=DIRECTION('',(0.,0.,1.));
#2916=DIRECTION('',(1.,0.,0.));
#2917=DIRECTION('',(0.,0.,-1.));
#2918=DIRECTION('',(-1.,0.,0.));
#2919=DIRECTION('',(0.,0.,-1.));
#2920=DIRECTION('',(-1.,0.,0.));
#2921=DIRECTION('',(0.,0.,-1.));
#2922=DIRECTION('',(-1.,0.,0.));
#2923=DIRECTION('',(0.,0.,1.));
#2924=DIRECTION('',(1.,0.,0.));
#2925=DIRECTION('',(0.,0.,1.));
#2926=DIRECTION('',(-1.,0.,0.));
#2927=DIRECTION('',(0.,0.,-1.));
#2928=DIRECTION('',(-1.,0.,0.));
#2929=DIRECTION('',(0.,0.,1.));
#2930=DIRECTION('',(1.,0.,0.));
#2931=DIRECTION('',(0.,0.,1.));
#2932=DIRECTION('',(1.,0.,0.));
#2933=DIRECTION('',(0.,0.,1.));
#2934=DIRECTION('',(-1.,0.,0.));
#2935=DIRECTION('',(0.,0.,-1.));
#2936=DIRECTION('',(-1.,0.,0.));
#2937=DIRECTION('',(0.,0.,1.));
#2938=DIRECTION('',(1.,0.,0.));
#2939=DIRECTION('',(0.,0.,1.));
#2940=DIRECTION('',(1.,0.,0.));
#2941=DIRECTION('',(0.,0.,1.));
#2942=DIRECTION('',(-1.,0.,0.));
#2943=DIRECTION('',(0.,0.,-1.));
#2944=DIRECTION('',(-1.,0.,0.));
#2945=DIRECTION('',(0.,0.,1.));
#2946=DIRECTION('',(1.,0.,0.));
#2947=DIRECTION('',(0.,0.,1.));
#2948=DIRECTION('',(1.,0.,0.));
#2949=DIRECTION('',(0.,0.,1.));
#2950=DIRECTION('',(-1.,0.,0.));
#2951=DIRECTION('',(0.,0.,-1.));
#2952=DIRECTION('',(-1.,0.,0.));
#2953=DIRECTION('',(0.,0.,1.));
#2954=DIRECTION('',(1.,0.,0.));
#2955=DIRECTION('',(0.,0.,1.));
#2956=DIRECTION('',(1.,0.,0.));
#2957=DIRECTION('',(0.,0.,1.));
#2958=DIRECTION('',(1.,0.,0.));
#2959=DIRECTION('',(0.,0.,1.));
#2960=DIRECTION('',(1.,0.,0.));
#2961=DIRECTION('',(0.,0.,1.));
#2962=DIRECTION('',(1.,0.,0.));
#2963=DIRECTION('',(0.,0.,1.));
#2964=DIRECTION('',(1.,0.,0.));
#2965=DIRECTION('',(0.,0.,-1.));
#2966=DIRECTION('',(-1.,0.,0.));
#2967=DIRECTION('',(0.,0.,-1.));
#2968=DIRECTION('',(-1.,0.,0.));
#2969=DIRECTION('',(0.,0.,-1.));
#2970=DIRECTION('',(-1.,0.,0.));
#2971=DIRECTION('',(0.,0.,-1.));
#2972=DIRECTION('',(-1.,0.,0.));
#2973=DIRECTION('',(0.,0.,1.));
#2974=DIRECTION('',(1.,0.,0.));
#2975=DIRECTION('',(0.,0.,1.));
#2976=DIRECTION('',(1.,0.,0.));
#2977=DIRECTION('',(0.,0.,1.));
#2978=DIRECTION('',(1.,0.,0.));
#2979=DIRECTION('',(0.,0.,1.));
#2980=DIRECTION('',(1.,0.,0.));
#2981=DIRECTION('',(0.,0.,1.));
#2982=DIRECTION('',(1.,0.,0.));
#2983=DIRECTION('',(0.,0.,1.));
#2984=DIRECTION('',(1.,0.,0.));
#2985=DIRECTION('',(0.,0.,-1.));
#2986=DIRECTION('',(-1.,0.,0.));
#2987=DIRECTION('',(0.,0.,-1.));
#2988=DIRECTION('',(-1.,0.,0.));
#2989=DIRECTION('',(0.,0.,-1.));
#2990=DIRECTION('',(-1.,0.,0.));
#2991=DIRECTION('',(0.,0.,-1.));
#2992=DIRECTION('',(-1.,0.,0.));
#2993=DIRECTION('',(0.,0.,-1.));
#2994=DIRECTION('',(-1.,0.,0.));
#2995=DIRECTION('',(0.,0.,-1.));
#2996=DIRECTION('',(-1.,0.,0.));
#2997=DIRECTION('',(0.,0.,-1.));
#2998=DIRECTION('',(-1.,0.,0.));
#2999=DIRECTION('',(-0.707106781186545,4.32978028117744E-17,0.707106781186551));
#3000=DIRECTION('',(-0.707106781186551,0.,0.707106781186545));
#3001=DIRECTION('',(0.,1.,0.));
#3002=DIRECTION('',(-0.707106781186551,0.,0.707106781186545));
#3003=DIRECTION('',(0.707106781186545,0.,0.707106781186551));
#3004=DIRECTION('',(-0.707106781186545,0.,-0.707106781186551));
#3005=DIRECTION('',(0.707106781186552,5.45170992598536E-17,0.707106781186543));
#3006=DIRECTION('',(7.70988211545248E-17,-1.,0.));
#3007=DIRECTION('',(-0.707106781186538,0.,0.707106781186557));
#3008=DIRECTION('',(0.,0.,-1.));
#3009=DIRECTION('',(-1.,0.,0.));
#3010=DIRECTION('',(0.,-0.707106781186545,-0.707106781186551));
#3011=DIRECTION('',(0.,0.,-1.));
#3012=DIRECTION('',(-1.,0.,0.));
#3013=DIRECTION('',(1.30841038223648E-16,-0.707106781186551,0.707106781186545));
#3014=DIRECTION('',(-1.,-1.85037170770859E-16,0.));
#3015=DIRECTION('',(0.,-0.707106781186545,-0.707106781186551));
#3016=DIRECTION('',(0.,0.,1.));
#3017=DIRECTION('',(1.,0.,0.));
#3018=DIRECTION('',(0.707106781186545,-4.32978028117744E-17,0.707106781186551));
#3019=DIRECTION('',(0.707106781186545,0.,-0.707106781186551));
#3020=DIRECTION('',(0.707106781186551,0.,0.707106781186545));
#3021=DIRECTION('',(0.,-1.,0.));
#3022=DIRECTION('',(0.707106781186545,0.,-0.707106781186551));
#3023=DIRECTION('',(-0.707106781186552,-5.45170992598536E-17,0.707106781186543));
#3024=DIRECTION('',(-7.70988211545248E-17,1.,0.));
#3025=DIRECTION('',(0.707106781186545,0.,0.707106781186551));
#3026=DIRECTION('',(0.,0.,1.));
#3027=DIRECTION('',(1.,0.,0.));
#3028=DIRECTION('',(0.,0.707106781186545,-0.707106781186551));
#3029=DIRECTION('',(0.,0.,1.));
#3030=DIRECTION('',(1.,0.,0.));
#3031=DIRECTION('',(0.,-0.707106781186545,0.707106781186551));
#3032=DIRECTION('',(-1.30841038223648E-16,0.707106781186551,0.707106781186545));
#3033=DIRECTION('',(1.,1.85037170770859E-16,0.));
#3034=DIRECTION('',(0.,-1.,0.));
#3035=DIRECTION('',(0.,0.,1.));
#3036=DIRECTION('',(-1.,0.,0.));
#3037=DIRECTION('',(0.,0.,1.));
#3038=DIRECTION('',(0.,0.,1.));
#3039=DIRECTION('',(0.,0.,1.));
#3040=DIRECTION('',(1.,0.,0.));
#3041=DIRECTION('',(0.,0.,1.));
#3042=DIRECTION('',(0.,0.,-1.));
#3043=DIRECTION('',(0.808662602477727,-0.588272721918966,0.));
#3044=DIRECTION('',(0.,0.,1.));
#3045=DIRECTION('',(1.,0.,0.));
#3046=DIRECTION('',(0.,0.,1.));
#3047=DIRECTION('',(0.,0.,1.));
#3048=DIRECTION('',(-0.401213811896911,0.915984430622677,0.));
#3049=DIRECTION('',(0.,0.,1.));
#3050=DIRECTION('',(1.,0.,0.));
#3051=DIRECTION('',(0.,0.,1.));
#3052=DIRECTION('',(0.,0.,1.));
#3053=DIRECTION('',(0.401213811896908,0.915984430622678,0.));
#3054=DIRECTION('',(0.,0.,1.));
#3055=DIRECTION('',(1.,0.,0.));
#3056=DIRECTION('',(0.,0.,1.));
#3057=DIRECTION('',(0.,0.,1.));
#3058=DIRECTION('',(0.808662602477727,0.588272721918967,0.));
#3059=DIRECTION('',(0.,0.,1.));
#3060=DIRECTION('',(1.,0.,0.));
#3061=DIRECTION('',(0.,0.,1.));
#3062=DIRECTION('',(0.,0.,-1.));
#3063=DIRECTION('',(-0.468070071149356,-0.883691353637817,0.));
#3064=DIRECTION('',(0.,0.,1.));
#3065=DIRECTION('',(1.,0.,0.));
#3066=DIRECTION('',(0.,0.,1.));
#3067=DIRECTION('',(1.,8.00641604296988E-16,0.));
#3068=DIRECTION('',(0.,-1.,0.));
#3069=DIRECTION('',(0.,0.,1.));
#3070=DIRECTION('',(0.,0.,1.));
#3071=DIRECTION('',(0.,0.,-1.));
#3072=DIRECTION('',(1.,0.,0.));
#3073=DIRECTION('',(0.,0.,-1.));
#3074=DIRECTION('',(0.,0.,1.));
#3075=DIRECTION('',(0.,0.,1.));
#3076=DIRECTION('',(0.,0.,1.));
#3077=DIRECTION('',(1.,0.,0.));
#3078=DIRECTION('',(0.,0.,1.));
#3079=DIRECTION('',(1.,0.,0.));
#3080=DIRECTION('',(0.,-1.,0.));
#3081=DIRECTION('',(0.,0.,1.));
#3082=DIRECTION('',(0.,0.,1.));
#3083=DIRECTION('',(0.,-1.,0.));
#3084=DIRECTION('',(0.,0.,1.));
#3085=DIRECTION('',(0.,0.,-1.));
#3086=DIRECTION('',(0.,0.,1.));
#3087=DIRECTION('',(1.,0.,0.));
#3088=DIRECTION('',(0.,0.,1.));
#3089=DIRECTION('',(0.,0.,1.));
#3090=DIRECTION('',(-1.,0.,0.));
#3091=DIRECTION('',(0.,0.,1.));
#3092=DIRECTION('',(1.,0.,0.));
#3093=DIRECTION('',(0.,0.,-1.));
#3094=DIRECTION('',(-1.,0.,0.));
#3095=DIRECTION('',(1.,-4.87179814191029E-17,0.));
#3096=DIRECTION('',(0.,0.,1.));
#3097=DIRECTION('',(-1.,0.,0.));
#3098=DIRECTION('',(0.,0.,-1.));
#3099=DIRECTION('',(-1.,0.,0.));
#3100=DIRECTION('',(0.588272721918967,0.808662602477727,0.));
#3101=DIRECTION('',(0.,0.,1.));
#3102=DIRECTION('',(0.,0.,1.));
#3103=DIRECTION('',(1.,0.,0.));
#3104=DIRECTION('',(0.915984430622678,0.401213811896909,0.));
#3105=DIRECTION('',(0.,0.,1.));
#3106=DIRECTION('',(0.,0.,1.));
#3107=DIRECTION('',(1.,0.,0.));
#3108=DIRECTION('',(0.915984430622677,-0.40121381189691,0.));
#3109=DIRECTION('',(0.,0.,1.));
#3110=DIRECTION('',(0.,0.,1.));
#3111=DIRECTION('',(1.,0.,0.));
#3112=DIRECTION('',(0.588272721918966,-0.808662602477727,0.));
#3113=DIRECTION('',(0.,0.,1.));
#3114=DIRECTION('',(0.,0.,-1.));
#3115=DIRECTION('',(-1.,0.,0.));
#3116=DIRECTION('',(0.883691353637817,-0.468070071149355,0.));
#3117=DIRECTION('',(0.,0.,1.));
#3118=DIRECTION('',(0.,0.,1.));
#3119=DIRECTION('',(1.,0.,0.));
#3120=DIRECTION('',(0.,-1.,0.));
#3121=DIRECTION('',(0.,0.,1.));
#3122=DIRECTION('',(-1.9956350106926E-16,1.,0.));
#3123=DIRECTION('',(1.,1.9956350106926E-16,0.));
#3124=DIRECTION('',(0.,-1.,0.));
#3125=DIRECTION('',(0.,0.,1.));
#3126=DIRECTION('',(-1.,0.,0.));
#3127=DIRECTION('',(0.,0.,1.));
#3128=DIRECTION('',(0.,0.,1.));
#3129=DIRECTION('',(0.,0.,1.));
#3130=DIRECTION('',(0.,0.707106781186548,0.707106781186548));
#3131=DIRECTION('',(0.,0.,1.));
#3132=DIRECTION('',(-1.,0.,0.));
#3133=DIRECTION('',(0.,0.,1.));
#3134=DIRECTION('',(0.,0.,1.));
#3135=DIRECTION('',(0.,0.707106781186548,0.707106781186548));
#3136=DIRECTION('',(0.,0.,1.));
#3137=DIRECTION('',(0.,0.,1.));
#3138=DIRECTION('',(-1.,0.,0.));
#3139=DIRECTION('',(0.,0.,1.));
#3140=DIRECTION('',(0.,0.,-1.));
#3141=DIRECTION('',(0.,0.707106781186548,0.707106781186548));
#3142=DIRECTION('',(0.,0.,-1.));
#3143=DIRECTION('',(1.,0.,0.));
#3144=DIRECTION('',(0.,0.,-1.));
#3145=DIRECTION('',(0.,-0.707106781186548,-0.707106781186548));
#3146=DIRECTION('',(0.,0.,1.));
#3147=DIRECTION('',(0.,0.,1.));
#3148=DIRECTION('',(0.,1.,0.));
#3149=DIRECTION('',(1.,0.,0.));
#3150=DIRECTION('',(-1.,0.,0.));
#3151=DIRECTION('',(0.,0.707106781186548,-0.707106781186548));
#3152=DIRECTION('',(0.,-0.707106781186548,-0.707106781186548));
#3153=DIRECTION('',(1.02219561112225E-16,-0.707106781186548,-0.707106781186548));
#3154=DIRECTION('',(-1.,0.,0.));
#3155=DIRECTION('',(-1.,0.,0.));
#3156=DIRECTION('',(0.,0.707106781186548,0.707106781186548));
#3157=DIRECTION('',(-1.,0.,0.));
#3158=DIRECTION('',(-1.,0.,0.));
#3159=DIRECTION('',(0.,0.707106781186548,-0.707106781186548));
#3160=DIRECTION('',(0.,-0.707106781186548,-0.707106781186548));
#3161=DIRECTION('',(-1.,0.,0.));
#3162=DIRECTION('',(0.,0.707106781186548,-0.707106781186548));
#3163=DIRECTION('',(0.,0.707106781186548,0.707106781186548));
#3164=DIRECTION('',(1.,0.,0.));
#3165=DIRECTION('',(0.,0.,-1.));
#3166=DIRECTION('',(0.,0.,1.));
#3167=DIRECTION('',(0.,0.,1.));
#3168=DIRECTION('',(0.,1.,0.));
#3169=DIRECTION('',(0.,0.,-1.));
#3170=DIRECTION('',(0.,1.,0.));
#3171=DIRECTION('',(0.,0.,-1.));
#3172=DIRECTION('',(-1.,-1.44560289664734E-16,0.));
#3173=DIRECTION('',(-1.44560289664734E-16,1.,0.));
#3174=DIRECTION('',(0.,0.,1.));
#3175=DIRECTION('',(0.,0.,1.));
#3176=DIRECTION('',(0.,1.,0.));
#3177=DIRECTION('',(0.,0.,-1.));
#3178=DIRECTION('',(0.,1.,0.));
#3179=DIRECTION('',(0.,0.,-1.));
#3180=DIRECTION('',(0.,0.,-1.));
#3181=DIRECTION('',(-1.,0.,0.));
#3182=DIRECTION('',(-0.707106781186548,0.,-0.707106781186548));
#3183=DIRECTION('',(0.707106781186548,0.,-0.707106781186548));
#3184=DIRECTION('',(0.,0.,1.));
#3185=DIRECTION('',(1.,0.,0.));
#3186=DIRECTION('',(-0.707106781186548,0.,0.707106781186548));
#3187=DIRECTION('',(0.707106781186548,0.,0.707106781186548));
#3188=DIRECTION('',(1.,0.,0.));
#3189=DIRECTION('',(0.,0.,-1.));
#3190=DIRECTION('',(0.,0.,-1.));
#3191=DIRECTION('',(-1.,0.,0.));
#3192=DIRECTION('',(0.,0.,1.));
#3193=DIRECTION('',(1.,0.,0.));
#3194=DIRECTION('',(0.,0.,1.));
#3195=DIRECTION('',(1.,0.,0.));
#3196=DIRECTION('',(0.,0.,1.));
#3197=DIRECTION('',(0.,0.,1.));
#3198=DIRECTION('',(1.,0.,0.));
#3199=DIRECTION('',(1.,0.,0.));
#3200=DIRECTION('',(0.,0.,-1.));
#3201=DIRECTION('',(0.,0.,1.));
#3202=DIRECTION('',(-1.,0.,0.));
#3203=DIRECTION('',(0.,0.,1.));
#3204=DIRECTION('',(0.,0.,1.));
#3205=DIRECTION('',(0.,-1.,0.));
#3206=DIRECTION('',(-1.,0.,0.));
#3207=DIRECTION('',(0.,0.,1.));
#3208=DIRECTION('',(0.,1.,0.));
#3209=DIRECTION('',(0.,1.,0.));
#3210=DIRECTION('',(0.,0.,-1.));
#3211=DIRECTION('',(0.,0.,1.));
#3212=DIRECTION('',(-1.,0.,0.));
#3213=DIRECTION('',(1.,0.,0.));
#3214=DIRECTION('',(0.,0.,-1.));
#3215=DIRECTION('',(0.,1.,0.));
#3216=DIRECTION('',(-1.,0.,0.));
#3217=DIRECTION('',(0.,0.,1.));
#3218=DIRECTION('',(0.,-1.,0.));
#3219=DIRECTION('',(0.,0.,1.));
#3220=DIRECTION('',(-1.,0.,0.));
#3221=DIRECTION('',(0.,0.,1.));
#3222=DIRECTION('',(0.,0.,1.));
#3223=DIRECTION('',(-1.,0.,0.));
#3224=DIRECTION('',(-1.,0.,0.));
#3225=DIRECTION('',(0.,1.,0.));
#3226=DIRECTION('',(0.,0.,-1.));
#3227=DIRECTION('',(-1.,0.,0.));
#3228=DIRECTION('',(0.,0.,1.));
#3229=DIRECTION('',(-1.,0.,0.));
#3230=DIRECTION('',(-1.,0.,0.));
#3231=DIRECTION('',(-1.,0.,0.));
#3232=DIRECTION('',(0.,0.,1.));
#3233=DIRECTION('',(-1.,0.,0.));
#3234=DIRECTION('',(0.,0.,1.));
#3235=DIRECTION('',(-0.866025403784443,-6.00925839494867E-15,-0.499999999999992));
#3236=DIRECTION('',(-0.499999999999992,0.,0.866025403784443));
#3237=DIRECTION('',(0.,-1.,0.));
#3238=DIRECTION('',(0.,0.,1.));
#3239=DIRECTION('',(-0.77497475665714,0.,0.63199218867341));
#3240=DIRECTION('',(0.63199218867341,0.,0.77497475665714));
#3241=DIRECTION('',(0.,0.,1.));
#3242=DIRECTION('',(1.,0.,0.));
#3243=DIRECTION('',(0.,0.,1.));
#3244=DIRECTION('',(1.,0.,0.));
#3245=DIRECTION('',(0.,0.,-1.));
#3246=DIRECTION('',(-1.,0.,0.));
#3247=DIRECTION('',(0.,0.,-1.));
#3248=DIRECTION('',(-1.,0.,0.));
#3249=DIRECTION('',(-1.54074395550979E-30,-1.,-1.73472347597681E-15));
#3250=DIRECTION('',(0.,-1.73472347597681E-15,1.));
#3251=DIRECTION('',(1.,0.,0.));
#3252=DIRECTION('',(0.,0.,-1.));
#3253=DIRECTION('',(0.,0.,1.));
#3254=DIRECTION('',(1.,0.,0.));
#3255=DIRECTION('',(0.,0.,1.));
#3256=DIRECTION('',(1.,0.,0.));
#3257=CARTESIAN_POINT('',(0.,0.,0.));
#3258=CARTESIAN_POINT('',(-0.0322696836665273,0.003,0.013));
#3259=CARTESIAN_POINT('',(-0.0317,0.003,0.016));
#3260=CARTESIAN_POINT('',(-0.0317,0.003,0.016));
#3261=CARTESIAN_POINT('',(-0.0317,0.003,0.02));
#3262=CARTESIAN_POINT('',(-0.0312475599047349,0.003,0.016));
#3263=CARTESIAN_POINT('',(-0.0312475599047349,0.003,0.016));
#3264=CARTESIAN_POINT('',(-0.0312475599047349,0.003,0.013));
#3265=CARTESIAN_POINT('',(-0.0312475599047349,0.003,0.02));
#3266=CARTESIAN_POINT('',(-0.0322696836665273,0.003,0.02));
#3267=CARTESIAN_POINT('',(-0.0322696836665273,-0.003,0.013));
#3268=CARTESIAN_POINT('',(-0.0312475599047349,-0.003,0.016));
#3269=CARTESIAN_POINT('',(-0.0347,-0.003,0.016));
#3270=CARTESIAN_POINT('',(-0.0365,-0.003,0.016));
#3271=CARTESIAN_POINT('',(-0.0365,-0.003,0.013));
#3272=CARTESIAN_POINT('',(-0.0365,-0.003,0.02));
#3273=CARTESIAN_POINT('',(-0.0322696836665273,-0.003,0.02));
#3274=CARTESIAN_POINT('',(-0.0347,-0.003,0.02));
#3275=CARTESIAN_POINT('',(-0.0347,-0.003,0.016));
#3276=CARTESIAN_POINT('',(0.,-0.02625,0.02));
#3277=CARTESIAN_POINT('',(0.,-0.0315,0.02));
#3278=CARTESIAN_POINT('',(0.00355,-0.0315,0.02));
#3279=CARTESIAN_POINT('',(-0.0176776695296636,-0.0176776695296638,0.02));
#3280=CARTESIAN_POINT('',(-0.0141276695296636,-0.0176776695296638,0.02));
#3281=CARTESIAN_POINT('',(0.0176776695296636,-0.0176776695296639,0.02));
#3282=CARTESIAN_POINT('',(0.0212276695296636,-0.0176776695296639,0.02));
#3283=CARTESIAN_POINT('',(0.,-0.01175,0.02));
#3284=CARTESIAN_POINT('',(0.00295,-0.01175,0.02));
#3285=CARTESIAN_POINT('',(0.01175,2.83340634610091E-20,0.02));
#3286=CARTESIAN_POINT('',(0.0147,2.83340634610091E-20,0.02));
#3287=CARTESIAN_POINT('',(-1.3010426069826E-18,0.01175,0.02));
#3288=CARTESIAN_POINT('',(0.00295,0.01175,0.02));
#3289=CARTESIAN_POINT('',(-0.01175,-2.7905915850013E-18,0.02));
#3290=CARTESIAN_POINT('',(-0.0088,-2.7905915850013E-18,0.02));
#3291=CARTESIAN_POINT('',(0.0295720312453064,-0.0246524840133124,0.02));
#3292=CARTESIAN_POINT('',(0.0288039265376361,-0.0240121597532264,0.02));
#3293=CARTESIAN_POINT('',(0.0288360156226532,-0.0239755194623864,0.02));
#3294=CARTESIAN_POINT('',(0.0281,-0.0232985549114604,0.02));
#3295=CARTESIAN_POINT('',(0.0291,-0.0232985549114604,0.02));
#3296=CARTESIAN_POINT('',(0.0291,-0.0221663864039827,0.02));
#3297=CARTESIAN_POINT('',(0.0291,-0.0132899818895557,0.02));
#3298=CARTESIAN_POINT('',(0.0161,-0.0132899818895557,0.02));
#3299=CARTESIAN_POINT('',(0.0221849109249416,-0.00180199429226407,0.02));
#3300=CARTESIAN_POINT('',(0.0352908729171236,0.0229413636095948,0.02));
#3301=CARTESIAN_POINT('',(0.0126483200477472,0.00646972739586376,0.02));
#3302=CARTESIAN_POINT('',(-0.00930943150964167,-0.00950374069368025,0.02));
#3303=CARTESIAN_POINT('',(0.00158479455699279,0.0153681385009595,0.02));
#3304=CARTESIAN_POINT('',(-1.4421250023513E-18,0.01175,0.02));
#3305=CARTESIAN_POINT('',(-0.0015847945569928,0.0153681385009596,0.02));
#3306=CARTESIAN_POINT('',(0.00930943150964167,-0.00950374069368025,0.02));
#3307=CARTESIAN_POINT('',(-0.0126483200477472,0.00646972739586376,0.02));
#3308=CARTESIAN_POINT('',(-0.0312475599047349,0.02,0.02));
#3309=CARTESIAN_POINT('',(-0.0312475599047349,-0.003,0.02));
#3310=CARTESIAN_POINT('',(-0.0322696836665273,-0.003,0.02));
#3311=CARTESIAN_POINT('',(-0.0317,-0.003,0.02));
#3312=CARTESIAN_POINT('',(-0.0317,-0.0042,0.02));
#3313=CARTESIAN_POINT('',(-0.0317,-0.0054,0.02));
#3314=CARTESIAN_POINT('',(-0.0332,-0.0054,0.02));
#3315=CARTESIAN_POINT('',(-0.0347,-0.0054,0.02));
#3316=CARTESIAN_POINT('',(-0.0347,-0.0042,0.02));
#3317=CARTESIAN_POINT('',(-0.0365,-0.004,0.02));
#3318=CARTESIAN_POINT('',(-0.0371,-0.0032,0.02));
#3319=CARTESIAN_POINT('',(-0.0371,-0.0475,0.02));
#3320=CARTESIAN_POINT('',(-0.0371,-0.0475,0.02));
#3321=CARTESIAN_POINT('',(-0.0325,-0.0475,0.02));
#3322=CARTESIAN_POINT('',(-0.0325,-0.0521,0.02));
#3323=CARTESIAN_POINT('',(0.0325,-0.0521,0.02));
#3324=CARTESIAN_POINT('',(-0.003,-0.0521,0.02));
#3325=CARTESIAN_POINT('',(-0.003,-0.662493248975534,0.02));
#3326=CARTESIAN_POINT('',(-0.003,-0.0451,0.02));
#3327=CARTESIAN_POINT('',(6.93889390390723E-18,-0.0451,0.02));
#3328=CARTESIAN_POINT('',(-0.0042,-0.0451,0.02));
#3329=CARTESIAN_POINT('',(-0.0042,-0.0451,0.02));
#3330=CARTESIAN_POINT('',(-0.0042,-0.0491,0.02));
#3331=CARTESIAN_POINT('',(-0.0052,-0.0491,0.02));
#3332=CARTESIAN_POINT('',(-0.0052,-0.0501,0.02));
#3333=CARTESIAN_POINT('',(6.93889390390723E-18,-0.0501,0.02));
#3334=CARTESIAN_POINT('',(-0.0325,-0.0501,0.02));
#3335=CARTESIAN_POINT('',(-0.0325,-0.0475,0.02));
#3336=CARTESIAN_POINT('',(-0.0351,-0.0475,0.02));
#3337=CARTESIAN_POINT('',(-0.0351,-0.0355762420066562,0.02));
#3338=CARTESIAN_POINT('',(-0.0351,-0.0246524840133124,0.02));
#3339=CARTESIAN_POINT('',(-0.0341,-0.0246524840133124,0.02));
#3340=CARTESIAN_POINT('',(-0.0341,-0.0236524840133124,0.02));
#3341=CARTESIAN_POINT('',(-0.0321,-0.0236524840133124,0.02));
#3342=CARTESIAN_POINT('',(-0.0295720312453064,-0.0236524840133124,0.02));
#3343=CARTESIAN_POINT('',(-0.0295720312453064,-0.0246524840133124,0.02));
#3344=CARTESIAN_POINT('',(-0.0288039265376361,-0.0240121597532264,0.02));
#3345=CARTESIAN_POINT('',(3.46944695195361E-18,-2.29621274840128E-18,0.02));
#3346=CARTESIAN_POINT('',(2.51534904016637E-17,-0.662493248975534,0.0168));
#3347=CARTESIAN_POINT('',(0.00240000000000003,-0.0461,0.0168));
#3348=CARTESIAN_POINT('',(0.003,-0.0461,0.0168));
#3349=CARTESIAN_POINT('',(0.00180000000000003,-0.0461,0.0168));
#3350=CARTESIAN_POINT('',(0.003,-0.662493248975534,0.0168));
#3351=CARTESIAN_POINT('',(0.003,-0.0451,0.0168));
#3352=CARTESIAN_POINT('',(2.51534904016637E-17,-0.0451,0.0168));
#3353=CARTESIAN_POINT('',(-0.003,-0.0451,0.0168));
#3354=CARTESIAN_POINT('',(-0.003,-0.662493248975534,0.0168));
#3355=CARTESIAN_POINT('',(-0.003,-0.0461,0.0168));
#3356=CARTESIAN_POINT('',(-0.0024,-0.0461,0.0168));
#3357=CARTESIAN_POINT('',(-0.0018,-0.0461,0.0168));
#3358=CARTESIAN_POINT('',(-0.0018,-0.0476,0.0168));
#3359=CARTESIAN_POINT('',(-0.0018,-0.0491,0.0168));
#3360=CARTESIAN_POINT('',(-0.0024,-0.0491,0.0168));
#3361=CARTESIAN_POINT('',(-0.003,-0.0491,0.0168));
#3362=CARTESIAN_POINT('',(-0.003,-0.662493248975534,0.0168));
#3363=CARTESIAN_POINT('',(-0.003,-0.0525,0.0168));
#3364=CARTESIAN_POINT('',(6.93889390390723E-18,-0.0525,0.0168));
#3365=CARTESIAN_POINT('',(0.003,-0.0525,0.0168));
#3366=CARTESIAN_POINT('',(0.003,-0.662493248975534,0.0168));
#3367=CARTESIAN_POINT('',(0.003,-0.0491,0.0168));
#3368=CARTESIAN_POINT('',(0.00240000000000003,-0.0491,0.0168));
#3369=CARTESIAN_POINT('',(0.00180000000000003,-0.0491,0.0168));
#3370=CARTESIAN_POINT('',(0.00180000000000003,-0.0476,0.0168));
#3371=CARTESIAN_POINT('',(6.93889390390723E-18,-0.0525,0.02));
#3372=CARTESIAN_POINT('',(0.003,-0.0525,0.02));
#3373=CARTESIAN_POINT('',(0.003,-0.0525,0.0196));
#3374=CARTESIAN_POINT('',(-0.003,-0.0525,0.02));
#3375=CARTESIAN_POINT('',(-0.003,-0.0525,0.0196));
#3376=CARTESIAN_POINT('',(-0.0325,-0.0525,0.0196));
#3377=CARTESIAN_POINT('',(-0.0325,-0.0525,0.0196));
#3378=CARTESIAN_POINT('',(-0.0325,-0.0525,0.02));
#3379=CARTESIAN_POINT('',(-0.0325,-0.0525,0.0004));
#3380=CARTESIAN_POINT('',(6.93889390390723E-18,-0.0525,0.0004));
#3381=CARTESIAN_POINT('',(0.0325,-0.0525,0.0004));
#3382=CARTESIAN_POINT('',(0.0325,-0.0525,0.02));
#3383=CARTESIAN_POINT('',(0.0325,-0.0525,0.0196));
#3384=CARTESIAN_POINT('',(-0.0325,-0.0525,0.0196));
#3385=CARTESIAN_POINT('',(4.78321086442672E-18,-0.0521,0.02));
#3386=CARTESIAN_POINT('',(0.0325,-0.0521,0.02));
#3387=CARTESIAN_POINT('',(0.003,-0.0521,0.02));
#3388=CARTESIAN_POINT('',(0.0325,-0.0521,0.02));
#3389=CARTESIAN_POINT('',(0.003,-0.0521,0.02));
#3390=CARTESIAN_POINT('',(0.0325,-0.0525,0.0196));
#3391=CARTESIAN_POINT('',(6.93889390390723E-18,-0.0501,-0.592393248975534));
#3392=CARTESIAN_POINT('',(0.0042,-0.0501,0.0101857864376269));
#3393=CARTESIAN_POINT('',(-0.0052,-0.0501,0.0101857864376269));
#3394=CARTESIAN_POINT('',(0.0052,-0.0501,0.0101857864376269));
#3395=CARTESIAN_POINT('',(0.0052,-0.0501,-0.592393248975534));
#3396=CARTESIAN_POINT('',(0.0052,-0.0501,0.02));
#3397=CARTESIAN_POINT('',(6.93889390390723E-18,-0.0501,0.02));
#3398=CARTESIAN_POINT('',(0.0325,-0.0501,0.02));
#3399=CARTESIAN_POINT('',(0.0325,-0.0501,-0.592393248975534));
#3400=CARTESIAN_POINT('',(0.0325,-0.0501,-2.4980018054066E-16));
#3401=CARTESIAN_POINT('',(0.,-0.0501,0.));
#3402=CARTESIAN_POINT('',(-0.0325,-0.0501,-2.4980018054066E-16));
#3403=CARTESIAN_POINT('',(-0.0325,-0.0501,-0.592393248975534));
#3404=CARTESIAN_POINT('',(-0.0052,-0.0501,-0.592393248975534));
#3405=CARTESIAN_POINT('',(-0.0322696836665273,0.003,0.013));
#3406=CARTESIAN_POINT('',(-0.0322696836665273,0.003,0.02));
#3407=CARTESIAN_POINT('',(-0.0347,0.003,0.02));
#3408=CARTESIAN_POINT('',(-0.0362801598673435,0.003,0.02));
#3409=CARTESIAN_POINT('',(-0.0362801598673435,0.003,0.013));
#3410=CARTESIAN_POINT('',(-0.0362801598673435,0.003,0.016));
#3411=CARTESIAN_POINT('',(-0.0312475599047349,0.003,0.016));
#3412=CARTESIAN_POINT('',(-0.0347,0.003,0.016));
#3413=CARTESIAN_POINT('',(-0.0347,0.003,0.016));
#3414=CARTESIAN_POINT('',(0.0351,-0.0221663864039827,0.013));
#3415=CARTESIAN_POINT('',(0.0351,-0.0236524840133124,0.016));
#3416=CARTESIAN_POINT('',(0.0351,-0.0246524840133124,0.016));
#3417=CARTESIAN_POINT('',(0.0351,-0.0132899818895557,0.016));
#3418=CARTESIAN_POINT('',(0.0351,-0.0246524840133124,0.013));
#3419=CARTESIAN_POINT('',(0.0351,-0.0246524840133124,0.));
#3420=CARTESIAN_POINT('',(0.0351,-0.02625,0.));
#3421=CARTESIAN_POINT('',(0.0351,-0.0475,-2.77555756156289E-17));
#3422=CARTESIAN_POINT('',(0.0351,-0.0475,-0.592393248975534));
#3423=CARTESIAN_POINT('',(0.0351,-0.0475,0.02));
#3424=CARTESIAN_POINT('',(0.0351,-0.0221663864039827,0.02));
#3425=CARTESIAN_POINT('',(0.0351,-0.0132899818895557,0.02));
#3426=CARTESIAN_POINT('',(0.0351,-0.0132899818895557,0.013));
#3427=CARTESIAN_POINT('',(0.0161,-0.0132899818895557,0.013));
#3428=CARTESIAN_POINT('',(0.0161,-0.0132899818895557,0.016));
#3429=CARTESIAN_POINT('',(0.0249933313518378,0.00350015382956284,0.016));
#3430=CARTESIAN_POINT('',(0.0161,-0.0132899818895557,0.02));
#3431=CARTESIAN_POINT('',(0.0249933313518378,0.00350015382956283,0.02));
#3432=CARTESIAN_POINT('',(0.0249933313518378,0.00350015382956283,0.013));
#3433=CARTESIAN_POINT('',(0.0352908729171236,0.0229413636095948,0.013));
#3434=CARTESIAN_POINT('',(0.0352908729171236,0.0229413636095948,0.016));
#3435=CARTESIAN_POINT('',(0.0175002956626135,0.00999936372737756,0.016));
#3436=CARTESIAN_POINT('',(0.0352908729171236,0.0229413636095948,0.02));
#3437=CARTESIAN_POINT('',(0.0175002956626135,0.00999936372737756,0.02));
#3438=CARTESIAN_POINT('',(0.0175002956626135,0.00999936372737756,0.013));
#3439=CARTESIAN_POINT('',(-0.00930943150964167,-0.00950374069368025,0.013));
#3440=CARTESIAN_POINT('',(-0.00930943150964167,-0.00950374069368025,0.016));
#3441=CARTESIAN_POINT('',(0.00399207742837424,0.0208640450846957,0.016));
#3442=CARTESIAN_POINT('',(-0.00930943150964167,-0.00950374069368025,0.02));
#3443=CARTESIAN_POINT('',(0.00399207742837425,0.0208640450846956,0.02));
#3444=CARTESIAN_POINT('',(0.00399207742837425,0.0208640450846956,0.013));
#3445=CARTESIAN_POINT('',(-1.4421250023513E-18,0.01175,0.013));
#3446=CARTESIAN_POINT('',(-1.4421250023513E-18,0.01175,0.016));
#3447=CARTESIAN_POINT('',(-0.00399207742837426,0.0208640450846957,0.016));
#3448=CARTESIAN_POINT('',(-1.4421250023513E-18,0.01175,0.02));
#3449=CARTESIAN_POINT('',(-0.00399207742837426,0.0208640450846957,0.02));
#3450=CARTESIAN_POINT('',(-0.00399207742837426,0.0208640450846957,0.013));
#3451=CARTESIAN_POINT('',(0.00930943150964167,-0.00950374069368025,0.013));
#3452=CARTESIAN_POINT('',(0.00930943150964167,-0.00950374069368025,0.016));
#3453=CARTESIAN_POINT('',(-0.0175002956626135,0.00999936372737755,0.016));
#3454=CARTESIAN_POINT('',(0.00930943150964167,-0.00950374069368025,0.02));
#3455=CARTESIAN_POINT('',(-0.0175002956626136,0.00999936372737756,0.02));
#3456=CARTESIAN_POINT('',(-0.0175002956626136,0.00999936372737756,0.013));
#3457=CARTESIAN_POINT('',(-0.0312475599047349,0.02,0.013));
#3458=CARTESIAN_POINT('',(-0.0312475599047349,0.02,0.016));
#3459=CARTESIAN_POINT('',(-0.0312475599047349,0.02,0.02));
#3460=CARTESIAN_POINT('',(0.0291,-0.0221663864039827,0.013));
#3461=CARTESIAN_POINT('',(0.0291,-0.0232985549114604,0.013));
#3462=CARTESIAN_POINT('',(0.0291,-0.0232985549114604,0.016));
#3463=CARTESIAN_POINT('',(0.0291,-0.0236524840133124,0.016));
#3464=CARTESIAN_POINT('',(0.0291,-0.0132899818895557,0.016));
#3465=CARTESIAN_POINT('',(0.0291,-0.0132899818895557,0.013));
#3466=CARTESIAN_POINT('',(-0.0375,-0.045,0.02));
#3467=CARTESIAN_POINT('',(-0.0375,-2.29621274840128E-18,0.0196));
#3468=CARTESIAN_POINT('',(-0.0375,-0.0475,0.0196));
#3469=CARTESIAN_POINT('',(-0.0375,-0.004,0.0196));
#3470=CARTESIAN_POINT('',(-0.0375,-0.004,0.02));
#3471=CARTESIAN_POINT('',(-0.0375,-0.004,0.016));
#3472=CARTESIAN_POINT('',(-0.0375,-9.23510665230851E-18,0.016));
#3473=CARTESIAN_POINT('',(-0.0375,-2.29621274840128E-18,0.012));
#3474=CARTESIAN_POINT('',(-0.0375,-2.29621274840128E-18,0.02));
#3475=CARTESIAN_POINT('',(-0.0375,-2.29621274840128E-18,0.0004));
#3476=CARTESIAN_POINT('',(-0.0375,-0.045,0.0004));
#3477=CARTESIAN_POINT('',(-0.0375,-0.0475,0.0004));
#3478=CARTESIAN_POINT('',(-0.0375,-0.0475,0.02));
#3479=CARTESIAN_POINT('',(0.01175,-1.27808403430278E-19,0.606093248975534));
#3480=CARTESIAN_POINT('',(0.01175,-1.27808403430278E-19,0.006));
#3481=CARTESIAN_POINT('',(0.01005,-1.27808403430278E-19,0.006));
#3482=CARTESIAN_POINT('',(0.01175,-1.27808403430278E-19,0.014));
#3483=CARTESIAN_POINT('',(0.01345,-1.27808403430278E-19,0.014));
#3484=CARTESIAN_POINT('',(-1.51788304147971E-18,0.01175,0.606093248975534));
#3485=CARTESIAN_POINT('',(-1.51788304147971E-18,0.01175,0.006));
#3486=CARTESIAN_POINT('',(-0.0017,0.01175,0.006));
#3487=CARTESIAN_POINT('',(-1.51788304147971E-18,0.01175,0.014));
#3488=CARTESIAN_POINT('',(0.0017,0.01175,0.014));
#3489=CARTESIAN_POINT('',(-0.01175,-2.94673405189259E-18,0.606093248975534));
#3490=CARTESIAN_POINT('',(-0.01175,-2.94673405189259E-18,0.006));
#3491=CARTESIAN_POINT('',(-0.01345,-2.94673405189259E-18,0.006));
#3492=CARTESIAN_POINT('',(-0.01175,-2.94673405189259E-18,0.014));
#3493=CARTESIAN_POINT('',(-0.01005,-2.94673405189259E-18,0.014));
#3494=CARTESIAN_POINT('',(0.,-0.01175,0.606093248975534));
#3495=CARTESIAN_POINT('',(0.,-0.01175,0.006));
#3496=CARTESIAN_POINT('',(-0.0017,-0.01175,0.006));
#3497=CARTESIAN_POINT('',(0.,-0.01175,0.014));
#3498=CARTESIAN_POINT('',(0.0017,-0.01175,0.014));
#3499=CARTESIAN_POINT('',(0.0375,-0.045,0.02));
#3500=CARTESIAN_POINT('',(0.0375,-2.29621274840128E-18,0.02));
#3501=CARTESIAN_POINT('',(0.0375,-2.29621274840128E-18,0.0196));
#3502=CARTESIAN_POINT('',(0.0375,-2.29621274840128E-18,0.0004));
#3503=CARTESIAN_POINT('',(0.0375,-0.0475,0.0196));
#3504=CARTESIAN_POINT('',(0.0375,-0.0475,0.0196));
#3505=CARTESIAN_POINT('',(0.0375,-0.0475,0.02));
#3506=CARTESIAN_POINT('',(0.0375,-0.0475,0.0004));
#3507=CARTESIAN_POINT('',(0.0375,-0.045,0.0004));
#3508=CARTESIAN_POINT('',(0.,0.,0.02));
#3509=CARTESIAN_POINT('',(-0.0375,-2.29621274840128E-18,0.012));
#3510=CARTESIAN_POINT('',(-0.0375,0.00107147683909539,0.012));
#3511=CARTESIAN_POINT('',(-0.0373902726733755,0.00318434872591386,0.0128435576889065));
#3512=CARTESIAN_POINT('',(-0.0372741368500105,0.00410958904109588,0.0149276918135426));
#3513=CARTESIAN_POINT('',(-0.0372741368500105,0.00410958904109588,0.016));
#3514=CARTESIAN_POINT('',(-0.0372741368500104,0.00410958904109589,0.016));
#3515=CARTESIAN_POINT('',(-0.0372741368500105,0.00410958904109589,0.02));
#3516=CARTESIAN_POINT('',(-0.0372741368500104,0.00410958904109589,0.0196));
#3517=CARTESIAN_POINT('',(0.,0.,0.0196));
#3518=CARTESIAN_POINT('',(0.,0.,0.0004));
#3519=CARTESIAN_POINT('',(0.,-0.02625,0.02));
#3520=CARTESIAN_POINT('',(0.,0.,0.02));
#3521=CARTESIAN_POINT('',(0.0371,-2.27171981241834E-18,0.02));
#3522=CARTESIAN_POINT('',(-0.0369562153973644,0.00326314932290992,0.02));
#3523=CARTESIAN_POINT('',(-0.0362801598673435,0.004,0.02));
#3524=CARTESIAN_POINT('',(-0.0347,0.0042,0.02));
#3525=CARTESIAN_POINT('',(-0.0347,0.0054,0.02));
#3526=CARTESIAN_POINT('',(-0.0332,0.0054,0.02));
#3527=CARTESIAN_POINT('',(-0.0317,0.0054,0.02));
#3528=CARTESIAN_POINT('',(-0.0317,0.0042,0.02));
#3529=CARTESIAN_POINT('',(0.0325,-0.0475,0.02));
#3530=CARTESIAN_POINT('',(0.0052,-0.0491,0.02));
#3531=CARTESIAN_POINT('',(0.0042,-0.0491,0.02));
#3532=CARTESIAN_POINT('',(0.0042,-0.0451,0.02));
#3533=CARTESIAN_POINT('',(0.0042,-0.0451,0.02));
#3534=CARTESIAN_POINT('',(6.93889390390723E-18,-0.0451,0.02));
#3535=CARTESIAN_POINT('',(0.003,-0.0451,0.02));
#3536=CARTESIAN_POINT('',(0.003,-0.662493248975534,0.02));
#3537=CARTESIAN_POINT('',(0.0325,-0.0475,0.02));
#3538=CARTESIAN_POINT('',(0.0371,-0.0475,0.02));
#3539=CARTESIAN_POINT('',(0.0371,-2.32705227686309E-18,0.02));
#3540=CARTESIAN_POINT('',(0.0176776695296638,0.0176776695296636,0.02));
#3541=CARTESIAN_POINT('',(0.0212276695296638,0.0176776695296636,0.02));
#3542=CARTESIAN_POINT('',(1.97758476261356E-16,0.0315,0.02));
#3543=CARTESIAN_POINT('',(0.0035500000000002,0.0315,0.02));
#3544=CARTESIAN_POINT('',(-0.0176776695296636,0.0176776695296637,0.02));
#3545=CARTESIAN_POINT('',(-0.0141276695296636,0.0176776695296637,0.02));
#3546=CARTESIAN_POINT('',(0.,-0.02625,0.));
#3547=CARTESIAN_POINT('',(0.0341,-0.0246524840133124,-2.77555756156289E-17));
#3548=CARTESIAN_POINT('',(0.0341,-0.0236524840133124,0.));
#3549=CARTESIAN_POINT('',(0.,-0.0236524840133124,0.));
#3550=CARTESIAN_POINT('',(0.0295720312453064,-0.0236524840133124,0.));
#3551=CARTESIAN_POINT('',(0.0295720312453064,-0.0246524840133124,-2.77555756156289E-17));
#3552=CARTESIAN_POINT('',(0.0288039265376361,-0.0240121597532264,-2.77555756156289E-17));
#3553=CARTESIAN_POINT('',(3.46944695195361E-18,-2.29621274840128E-18,-2.77555756156289E-17));
#3554=CARTESIAN_POINT('',(-0.0288039265376361,-0.0240121597532264,-2.77555756156289E-17));
#3555=CARTESIAN_POINT('',(-0.0295720312453064,-0.0246524840133124,-2.77555756156289E-17));
#3556=CARTESIAN_POINT('',(-0.0295720312453064,-0.0236524840133124,0.));
#3557=CARTESIAN_POINT('',(0.,-0.0236524840133124,0.));
#3558=CARTESIAN_POINT('',(-0.0341,-0.0236524840133124,0.));
#3559=CARTESIAN_POINT('',(-0.0341,-0.0246524840133124,-2.77555756156289E-17));
#3560=CARTESIAN_POINT('',(-0.0351,-0.0246524840133124,0.));
#3561=CARTESIAN_POINT('',(-0.0351,-0.02625,0.));
#3562=CARTESIAN_POINT('',(-0.0351,-0.0475,-2.4980018054066E-16));
#3563=CARTESIAN_POINT('',(-0.0325,-0.0475,-2.77555756156289E-17));
#3564=CARTESIAN_POINT('',(0.0325,-0.0475,-2.77555756156289E-17));
#3565=CARTESIAN_POINT('',(-0.01175,-2.7905915850013E-18,0.));
#3566=CARTESIAN_POINT('',(-0.0088,-2.7905915850013E-18,0.));
#3567=CARTESIAN_POINT('',(-1.3010426069826E-18,0.01175,0.));
#3568=CARTESIAN_POINT('',(0.00295,0.01175,0.));
#3569=CARTESIAN_POINT('',(0.01175,2.83340634610091E-20,0.));
#3570=CARTESIAN_POINT('',(0.0147,2.83340634610091E-20,0.));
#3571=CARTESIAN_POINT('',(0.,-0.01175,0.));
#3572=CARTESIAN_POINT('',(0.00295,-0.01175,0.));
#3573=CARTESIAN_POINT('',(0.0176776695296636,-0.0176776695296639,0.));
#3574=CARTESIAN_POINT('',(0.0212276695296636,-0.0176776695296639,0.));
#3575=CARTESIAN_POINT('',(0.0176776695296638,0.0176776695296636,0.));
#3576=CARTESIAN_POINT('',(0.0212276695296638,0.0176776695296636,0.));
#3577=CARTESIAN_POINT('',(1.97758476261356E-16,0.0315,0.));
#3578=CARTESIAN_POINT('',(0.0035500000000002,0.0315,0.));
#3579=CARTESIAN_POINT('',(-0.0176776695296636,0.0176776695296637,0.));
#3580=CARTESIAN_POINT('',(-0.0141276695296636,0.0176776695296637,0.));
#3581=CARTESIAN_POINT('',(-0.0176776695296636,-0.0176776695296638,0.));
#3582=CARTESIAN_POINT('',(-0.0141276695296636,-0.0176776695296638,0.));
#3583=CARTESIAN_POINT('',(0.,-0.0315,0.));
#3584=CARTESIAN_POINT('',(0.00355,-0.0315,0.));
#3585=CARTESIAN_POINT('',(0.0325,-0.0475,0.));
#3586=CARTESIAN_POINT('',(0.0371,-0.0475,0.));
#3587=CARTESIAN_POINT('',(0.0325,-0.0521,0.));
#3588=CARTESIAN_POINT('',(4.78321086442672E-18,-0.0521,0.));
#3589=CARTESIAN_POINT('',(-0.0325,-0.0521,0.));
#3590=CARTESIAN_POINT('',(-0.0325,-0.0475,0.));
#3591=CARTESIAN_POINT('',(-0.0371,-0.0475,0.));
#3592=CARTESIAN_POINT('',(-0.0371,-0.02625,0.));
#3593=CARTESIAN_POINT('',(-0.0371,-2.29621274840128E-18,0.));
#3594=CARTESIAN_POINT('',(0.,0.,0.));
#3595=CARTESIAN_POINT('',(0.0371,-2.27171981241834E-18,0.));
#3596=CARTESIAN_POINT('',(0.0371,-0.02625,0.));
#3597=CARTESIAN_POINT('',(-0.0176776695296636,-0.0176776695296638,0.199569911828421));
#3598=CARTESIAN_POINT('',(-0.0176776695296636,-0.0176776695296638,0.0196));
#3599=CARTESIAN_POINT('',(-0.0145276695296636,-0.0176776695296638,0.0196));
#3600=CARTESIAN_POINT('',(-0.0176776695296636,-0.0176776695296638,0.000400000000000012));
#3601=CARTESIAN_POINT('',(-0.0145276695296636,-0.0176776695296638,0.000400000000000012));
#3602=CARTESIAN_POINT('',(-0.0176776695296636,0.0176776695296637,0.199569911828421));
#3603=CARTESIAN_POINT('',(-0.0176776695296636,0.0176776695296637,0.0196));
#3604=CARTESIAN_POINT('',(-0.0145276695296636,0.0176776695296637,0.0196));
#3605=CARTESIAN_POINT('',(-0.0176776695296636,0.0176776695296637,0.000400000000000012));
#3606=CARTESIAN_POINT('',(-0.0145276695296636,0.0176776695296637,0.000400000000000012));
#3607=CARTESIAN_POINT('',(1.97758476261356E-16,0.0315,0.199569911828421));
#3608=CARTESIAN_POINT('',(1.97758476261356E-16,0.0315,0.0196));
#3609=CARTESIAN_POINT('',(0.0031500000000002,0.0315,0.0196));
#3610=CARTESIAN_POINT('',(1.97758476261356E-16,0.0315,0.000400000000000012));
#3611=CARTESIAN_POINT('',(0.0031500000000002,0.0315,0.000400000000000012));
#3612=CARTESIAN_POINT('',(0.0176776695296638,0.0176776695296636,0.199569911828421));
#3613=CARTESIAN_POINT('',(0.0176776695296638,0.0176776695296636,0.0196));
#3614=CARTESIAN_POINT('',(0.0208276695296638,0.0176776695296636,0.0196));
#3615=CARTESIAN_POINT('',(0.0176776695296638,0.0176776695296636,0.000400000000000012));
#3616=CARTESIAN_POINT('',(0.0208276695296638,0.0176776695296636,0.000400000000000012));
#3617=CARTESIAN_POINT('',(0.0176776695296636,-0.0176776695296639,0.199569911828421));
#3618=CARTESIAN_POINT('',(0.0176776695296636,-0.0176776695296639,0.0196));
#3619=CARTESIAN_POINT('',(0.0208276695296636,-0.0176776695296639,0.0196));
#3620=CARTESIAN_POINT('',(0.0176776695296636,-0.0176776695296639,0.000400000000000012));
#3621=CARTESIAN_POINT('',(0.0208276695296636,-0.0176776695296639,0.000400000000000012));
#3622=CARTESIAN_POINT('',(0.,-0.0315,0.199569911828421));
#3623=CARTESIAN_POINT('',(0.,-0.0315,0.0196));
#3624=CARTESIAN_POINT('',(0.00315,-0.0315,0.0196));
#3625=CARTESIAN_POINT('',(0.,-0.0315,0.000400000000000012));
#3626=CARTESIAN_POINT('',(0.00315,-0.0315,0.000400000000000012));
#3627=CARTESIAN_POINT('',(0.0325,-0.0475,0.02));
#3628=CARTESIAN_POINT('',(0.0325,-0.0475,0.0196));
#3629=CARTESIAN_POINT('',(0.0325,-0.0475,0.0004));
#3630=CARTESIAN_POINT('',(-0.0325,-0.0475,0.02));
#3631=CARTESIAN_POINT('',(-0.0325,-0.0475,0.0196));
#3632=CARTESIAN_POINT('',(-0.0325,-0.0475,0.0004));
#3633=CARTESIAN_POINT('',(0.,-0.0075,0.006));
#3634=CARTESIAN_POINT('',(0.,-0.01175,0.006));
#3635=CARTESIAN_POINT('',(-0.00255,-0.01175,0.006));
#3636=CARTESIAN_POINT('',(0.,-0.01175,0.006));
#3637=CARTESIAN_POINT('',(0.,-0.01175,0.0004));
#3638=CARTESIAN_POINT('',(0.00255,-0.01175,0.0004));
#3639=CARTESIAN_POINT('',(0.,-0.0075,0.006));
#3640=CARTESIAN_POINT('',(-0.01175,-2.7905915850013E-18,0.006));
#3641=CARTESIAN_POINT('',(-0.0143,-2.7905915850013E-18,0.006));
#3642=CARTESIAN_POINT('',(-0.01175,-2.7905915850013E-18,0.006));
#3643=CARTESIAN_POINT('',(-0.01175,-2.7905915850013E-18,0.0004));
#3644=CARTESIAN_POINT('',(-0.0092,-2.7905915850013E-18,0.0004));
#3645=CARTESIAN_POINT('',(0.,-0.0075,0.006));
#3646=CARTESIAN_POINT('',(-1.3010426069826E-18,0.01175,0.006));
#3647=CARTESIAN_POINT('',(-0.00255,0.01175,0.006));
#3648=CARTESIAN_POINT('',(-1.3010426069826E-18,0.01175,0.006));
#3649=CARTESIAN_POINT('',(-1.3010426069826E-18,0.01175,0.0004));
#3650=CARTESIAN_POINT('',(0.00255,0.01175,0.0004));
#3651=CARTESIAN_POINT('',(0.,-0.0075,0.006));
#3652=CARTESIAN_POINT('',(0.01175,2.83340634610091E-20,0.006));
#3653=CARTESIAN_POINT('',(0.0092,2.83340634610091E-20,0.006));
#3654=CARTESIAN_POINT('',(0.01175,2.83340634610091E-20,0.006));
#3655=CARTESIAN_POINT('',(0.01175,2.83340634610091E-20,0.0004));
#3656=CARTESIAN_POINT('',(0.0143,2.83340634610091E-20,0.0004));
#3657=CARTESIAN_POINT('',(0.,-0.0075,0.014));
#3658=CARTESIAN_POINT('',(0.01175,2.83340634610091E-20,0.014));
#3659=CARTESIAN_POINT('',(0.0092,2.83340634610091E-20,0.014));
#3660=CARTESIAN_POINT('',(0.01175,2.83340634610091E-20,0.014));
#3661=CARTESIAN_POINT('',(0.01175,2.83340634610091E-20,0.0196));
#3662=CARTESIAN_POINT('',(0.0143,2.83340634610091E-20,0.0196));
#3663=CARTESIAN_POINT('',(0.,-0.0075,0.014));
#3664=CARTESIAN_POINT('',(-1.3010426069826E-18,0.01175,0.014));
#3665=CARTESIAN_POINT('',(-0.00255,0.01175,0.014));
#3666=CARTESIAN_POINT('',(-1.3010426069826E-18,0.01175,0.014));
#3667=CARTESIAN_POINT('',(-1.3010426069826E-18,0.01175,0.0196));
#3668=CARTESIAN_POINT('',(0.00255,0.01175,0.0196));
#3669=CARTESIAN_POINT('',(0.,-0.0075,0.014));
#3670=CARTESIAN_POINT('',(-0.01175,-2.7905915850013E-18,0.014));
#3671=CARTESIAN_POINT('',(-0.0143,-2.7905915850013E-18,0.014));
#3672=CARTESIAN_POINT('',(-0.01175,-2.7905915850013E-18,0.014));
#3673=CARTESIAN_POINT('',(-0.01175,-2.7905915850013E-18,0.0196));
#3674=CARTESIAN_POINT('',(-0.0092,-2.7905915850013E-18,0.0196));
#3675=CARTESIAN_POINT('',(0.,-0.0075,0.014));
#3676=CARTESIAN_POINT('',(0.,-0.01175,0.014));
#3677=CARTESIAN_POINT('',(-0.00255,-0.01175,0.014));
#3678=CARTESIAN_POINT('',(0.,-0.01175,0.014));
#3679=CARTESIAN_POINT('',(0.,-0.01175,0.0196));
#3680=CARTESIAN_POINT('',(0.00255,-0.01175,0.0196));
#3681=CARTESIAN_POINT('',(-0.01175,-2.7905915850013E-18,0.02));
#3682=CARTESIAN_POINT('',(-1.3010426069826E-18,0.01175,0.02));
#3683=CARTESIAN_POINT('',(0.01175,2.83340634610091E-20,0.02));
#3684=CARTESIAN_POINT('',(0.,-0.01175,0.02));
#3685=CARTESIAN_POINT('',(-0.01175,-2.7905915850013E-18,0.0004));
#3686=CARTESIAN_POINT('',(-1.3010426069826E-18,0.01175,0.0004));
#3687=CARTESIAN_POINT('',(0.01175,2.83340634610091E-20,0.0004));
#3688=CARTESIAN_POINT('',(0.,-0.01175,0.0004));
#3689=CARTESIAN_POINT('',(0.0176776695296636,-0.0176776695296639,0.02));
#3690=CARTESIAN_POINT('',(0.0176776695296638,0.0176776695296636,0.02));
#3691=CARTESIAN_POINT('',(1.97758476261356E-16,0.0315,0.02));
#3692=CARTESIAN_POINT('',(-0.0176776695296636,0.0176776695296637,0.02));
#3693=CARTESIAN_POINT('',(-0.0176776695296636,-0.0176776695296638,0.02));
#3694=CARTESIAN_POINT('',(0.,-0.0315,0.02));
#3695=CARTESIAN_POINT('',(0.0176776695296636,-0.0176776695296639,0.000400000000000012));
#3696=CARTESIAN_POINT('',(0.0176776695296638,0.0176776695296636,0.000400000000000012));
#3697=CARTESIAN_POINT('',(1.97758476261356E-16,0.0315,0.000400000000000012));
#3698=CARTESIAN_POINT('',(-0.0176776695296636,0.0176776695296637,0.000400000000000012));
#3699=CARTESIAN_POINT('',(-0.0176776695296636,-0.0176776695296638,0.000400000000000012));
#3700=CARTESIAN_POINT('',(0.,-0.0315,0.000400000000000012));
#3701=CARTESIAN_POINT('',(0.,0.,0.02));
#3702=CARTESIAN_POINT('',(-0.0372741368500104,0.00410958904109589,0.0196));
#3703=CARTESIAN_POINT('',(-0.0373125452765,0.00376122307777203,0.0196));
#3704=CARTESIAN_POINT('',(-0.0371573603321317,0.00344769844488691,0.0197834025100331));
#3705=CARTESIAN_POINT('',(-0.0369562153973644,0.0032631493229099,0.02));
#3706=CARTESIAN_POINT('',(0.0375,-2.29621274840128E-18,0.0196));
#3707=CARTESIAN_POINT('',(-0.0371,-0.02625,0.02));
#3708=CARTESIAN_POINT('',(-0.0365,-0.004,0.0206));
#3709=CARTESIAN_POINT('',(-0.0371,-0.0475,0.02));
#3710=CARTESIAN_POINT('',(0.0371,-0.02625,0.02));
#3711=CARTESIAN_POINT('',(0.0375,-0.0475,0.0196));
#3712=CARTESIAN_POINT('',(-0.0325,-0.0475,0.02));
#3713=CARTESIAN_POINT('',(-0.0325,-0.0521,0.02));
#3714=CARTESIAN_POINT('',(0.0325,-0.0475,0.02));
#3715=CARTESIAN_POINT('',(4.78321086442672E-18,-0.0521,0.02));
#3716=CARTESIAN_POINT('',(-0.003,-0.0521,0.02));
#3717=CARTESIAN_POINT('',(0.,0.,0.0004));
#3718=CARTESIAN_POINT('',(0.0371,-2.27171981241834E-18,0.));
#3719=CARTESIAN_POINT('',(-0.0375,-2.29621274840128E-18,0.0004));
#3720=CARTESIAN_POINT('',(-0.0375,-0.045,0.0004));
#3721=CARTESIAN_POINT('',(-0.0375,-0.0475,0.0004));
#3722=CARTESIAN_POINT('',(0.0375,-0.045,0.0004));
#3723=CARTESIAN_POINT('',(0.0371,-0.0475,0.));
#3724=CARTESIAN_POINT('',(-0.0325,-0.0475,0.));
#3725=CARTESIAN_POINT('',(-0.0325,-0.0525,0.0004));
#3726=CARTESIAN_POINT('',(0.0325,-0.0475,0.));
#3727=CARTESIAN_POINT('',(0.0325,-0.0521,0.));
#3728=CARTESIAN_POINT('',(6.93889390390723E-18,-0.0525,0.0004));
#3729=CARTESIAN_POINT('',(-0.0322696836665273,-0.003,0.013));
#3730=CARTESIAN_POINT('',(-0.0312475599047349,-0.003,0.016));
#3731=CARTESIAN_POINT('',(-0.0312475599047349,-0.003,0.016));
#3732=CARTESIAN_POINT('',(-0.0317,-0.003,0.016));
#3733=CARTESIAN_POINT('',(-0.0317,-0.003,0.016));
#3734=CARTESIAN_POINT('',(-0.0312475599047349,-0.003,0.013));
#3735=CARTESIAN_POINT('',(-0.0312475599047349,0.02,0.013));
#3736=CARTESIAN_POINT('',(-0.0126483200477472,0.00646972739586376,0.013));
#3737=CARTESIAN_POINT('',(-0.0126483200477472,0.00646972739586376,0.016));
#3738=CARTESIAN_POINT('',(-0.0312475599047349,0.02,0.016));
#3739=CARTESIAN_POINT('',(0.00930943150964167,-0.00950374069368025,0.013));
#3740=CARTESIAN_POINT('',(-0.0015847945569928,0.0153681385009596,0.013));
#3741=CARTESIAN_POINT('',(-0.0015847945569928,0.0153681385009595,0.016));
#3742=CARTESIAN_POINT('',(0.00930943150964167,-0.00950374069368025,0.016));
#3743=CARTESIAN_POINT('',(-1.4421250023513E-18,0.01175,0.013));
#3744=CARTESIAN_POINT('',(0.00158479455699279,0.0153681385009595,0.013));
#3745=CARTESIAN_POINT('',(0.00158479455699277,0.0153681385009595,0.016));
#3746=CARTESIAN_POINT('',(-1.4421250023513E-18,0.01175,0.016));
#3747=CARTESIAN_POINT('',(-0.00930943150964167,-0.00950374069368025,0.013));
#3748=CARTESIAN_POINT('',(0.0126483200477472,0.00646972739586376,0.013));
#3749=CARTESIAN_POINT('',(0.0126483200477472,0.00646972739586378,0.016));
#3750=CARTESIAN_POINT('',(-0.00930943150964167,-0.00950374069368025,0.016));
#3751=CARTESIAN_POINT('',(0.0352908729171236,0.0229413636095948,0.013));
#3752=CARTESIAN_POINT('',(0.0221849109249416,-0.00180199429226407,0.013));
#3753=CARTESIAN_POINT('',(0.0221849109249416,-0.00180199429226407,0.016));
#3754=CARTESIAN_POINT('',(0.0352908729171236,0.0229413636095948,0.016));
#3755=CARTESIAN_POINT('',(0.0161,-0.0132899818895557,0.013));
#3756=CARTESIAN_POINT('',(0.0161,-0.0132899818895557,0.016));
#3757=CARTESIAN_POINT('',(-0.0321,-0.0236524840133124,-0.592393248975534));
#3758=CARTESIAN_POINT('',(-0.0341,-0.0236524840133124,-2.4980018054066E-16));
#3759=CARTESIAN_POINT('',(-0.0295720312453064,-0.0236524840133124,0.0199999999999998));
#3760=CARTESIAN_POINT('',(-0.0351,-0.0355762420066562,-0.592393248975534));
#3761=CARTESIAN_POINT('',(-0.0351,-0.0246524840133124,0.02));
#3762=CARTESIAN_POINT('',(-0.0351,-0.0475,-0.592393248975534));
#3763=CARTESIAN_POINT('',(-0.0325,-0.0475,-0.592393248975534));
#3764=CARTESIAN_POINT('',(0.0325,-0.0475,-0.592393248975534));
#3765=CARTESIAN_POINT('',(0.0321,-0.0236524840133124,-0.592393248975534));
#3766=CARTESIAN_POINT('',(0.0341,-0.0236524840133124,-0.592393248975534));
#3767=CARTESIAN_POINT('',(0.0341,-0.0236524840133124,0.0125358983848622));
#3768=CARTESIAN_POINT('',(0.0321,-0.0236524840133124,0.016));
#3769=CARTESIAN_POINT('',(0.0295720312453064,-0.0236524840133124,0.0129001009733714));
#3770=CARTESIAN_POINT('',(0.0295720312453064,-0.0236524840133124,-4.71844785465692E-16));
#3771=CARTESIAN_POINT('',(3.46944695195361E-18,-2.29621274840128E-18,-0.592393248975534));
#3772=CARTESIAN_POINT('',(-0.0288039265376361,-0.0240121597532264,-0.592393248975534));
#3773=CARTESIAN_POINT('',(0.0288039265376361,-0.0240121597532264,-0.592393248975534));
#3774=CARTESIAN_POINT('',(-0.0312475599047349,-9.23510665230851E-18,0.016));
#3775=CARTESIAN_POINT('',(-0.0362801598673435,0.003,0.016));
#3776=CARTESIAN_POINT('',(-0.0362801598673435,0.003,0.0152065194731986));
#3777=CARTESIAN_POINT('',(-0.0363902594305339,0.00234737862161718,0.0136555716322887));
#3778=CARTESIAN_POINT('',(-0.0365,0.00079346722186355,0.013));
#3779=CARTESIAN_POINT('',(-0.0365,-4.11611754549257E-18,0.013));
#3780=CARTESIAN_POINT('',(-0.0365,-4.03093622437809E-18,0.013));
#3781=CARTESIAN_POINT('',(-0.0365,-9.23510665230851E-18,0.016));
#3782=CARTESIAN_POINT('',(-0.0322696836665273,-0.003,0.016));
#3783=CARTESIAN_POINT('',(-0.0312475599047349,-2.29621274840128E-18,0.016));
#3784=CARTESIAN_POINT('',(-0.0332,0.003,0.016));
#3785=CARTESIAN_POINT('',(-0.0312475599047349,0.02,0.016));
#3786=CARTESIAN_POINT('',(-0.0150743078551804,0.00823454556162066,0.016));
#3787=CARTESIAN_POINT('',(0.00930943150964167,-0.00950374069368025,0.016));
#3788=CARTESIAN_POINT('',(-0.00278843599268353,0.0181160917928276,0.016));
#3789=CARTESIAN_POINT('',(-1.3010426069826E-18,0.01175,0.016));
#3790=CARTESIAN_POINT('',(0.00278843599268351,0.0181160917928276,0.016));
#3791=CARTESIAN_POINT('',(-0.00930943150964168,-0.00950374069368025,0.016));
#3792=CARTESIAN_POINT('',(0.0150743078551804,0.00823454556162067,0.016));
#3793=CARTESIAN_POINT('',(0.0352908729171236,0.0229413636095948,0.016));
#3794=CARTESIAN_POINT('',(0.0235891211383896,0.000849079768649388,0.016));
#3795=CARTESIAN_POINT('',(0.0161,-0.0132899818895557,0.016));
#3796=CARTESIAN_POINT('',(0.0321,-0.0132899818895557,0.016));
#3797=CARTESIAN_POINT('',(0.0321,-0.0236524840133124,0.016));
#3798=CARTESIAN_POINT('',(0.0321,-0.0226524840133124,0.016));
#3799=CARTESIAN_POINT('',(0.0302040234339797,-0.0226524840133124,0.0136750757300286));
#3800=CARTESIAN_POINT('',(0.0336,-0.0226524840133124,0.0134019237886467));
#3801=CARTESIAN_POINT('',(0.0336,-0.0226524840133124,0.0134019237886467));
#3802=CARTESIAN_POINT('',(0.033878580229954,-0.0226524840133124,0.0135627621594015));
#3803=CARTESIAN_POINT('',(0.0343582630235314,-0.0228543634710731,0.0139631630138859));
#3804=CARTESIAN_POINT('',(0.034948531507074,-0.0235611607023524,0.0148470616700751));
#3805=CARTESIAN_POINT('',(0.0351,-0.0242185998156613,0.0155397959049154));
#3806=CARTESIAN_POINT('',(0.0351,-0.0246524840133124,0.016));
#3807=CARTESIAN_POINT('',(0.0291,-0.0232985549114604,0.016));
#3808=CARTESIAN_POINT('',(0.0291,-0.0232985549114604,0.0150702925404397));
#3809=CARTESIAN_POINT('',(0.0294816509732463,-0.0226524840133124,0.0142641707277361));
#3810=CARTESIAN_POINT('',(0.0302040234339797,-0.0226524840133124,0.0136750757300286));
#3811=CARTESIAN_POINT('',(0.003,-0.662493248975534,0.0184));
#3812=CARTESIAN_POINT('',(0.003,-0.0451,0.0184));
#3813=CARTESIAN_POINT('',(0.003,-0.0461,-1.99999999999853E-6));
#3814=CARTESIAN_POINT('',(0.003,-0.0461,0.0145999999999997));
#3815=CARTESIAN_POINT('',(0.003,-0.361597624487767,-0.300897624487767));
#3816=CARTESIAN_POINT('',(0.003,-0.0491,0.0116));
#3817=CARTESIAN_POINT('',(0.003,-0.0491,-1.99999999999853E-6));
#3818=CARTESIAN_POINT('',(-0.003,-0.662493248975534,0.0184));
#3819=CARTESIAN_POINT('',(-0.003,-0.0491,-1.99999999999853E-6));
#3820=CARTESIAN_POINT('',(-0.003,-0.0491,0.0115999999999998));
#3821=CARTESIAN_POINT('',(-0.003,-0.361597624487767,-0.300897624487767));
#3822=CARTESIAN_POINT('',(-0.003,-0.0461,0.0146));
#3823=CARTESIAN_POINT('',(-0.003,-0.0461,-1.99999999999853E-6));
#3824=CARTESIAN_POINT('',(-0.003,-0.0451,0.0184));
#3825=CARTESIAN_POINT('',(0.0042,-0.0451,0.0178));
#3826=CARTESIAN_POINT('',(0.0042,-0.0491,0.0178));
#3827=CARTESIAN_POINT('',(0.0042,-0.0491,0.0116));
#3828=CARTESIAN_POINT('',(0.0042,-0.0476,0.0131));
#3829=CARTESIAN_POINT('',(0.0042,-0.0451,0.0156));
#3830=CARTESIAN_POINT('',(0.0042,-0.0451,0.0178));
#3831=CARTESIAN_POINT('',(-0.0042,-0.0451,0.0178));
#3832=CARTESIAN_POINT('',(-0.0042,-0.0476,0.0131));
#3833=CARTESIAN_POINT('',(-0.0042,-0.0451,0.0156));
#3834=CARTESIAN_POINT('',(-0.0042,-0.0491,0.0116));
#3835=CARTESIAN_POINT('',(-0.0042,-0.0491,0.0178));
#3836=CARTESIAN_POINT('',(-0.0042,-0.0451,0.0178));
#3837=CARTESIAN_POINT('',(0.,-0.0451,0.00999999999999987));
#3838=CARTESIAN_POINT('',(1.99493199737333E-17,-0.0451,0.0156));
#3839=CARTESIAN_POINT('',(0.004202,-0.0476,0.0131));
#3840=CARTESIAN_POINT('',(0.00180000000000003,-0.054151,0.006549));
#3841=CARTESIAN_POINT('',(0.00180000000000003,-0.0461,0.0146));
#3842=CARTESIAN_POINT('',(0.00180000000000003,-0.0491,0.0116));
#3843=CARTESIAN_POINT('',(0.00240000000000003,-0.0491,0.0116));
#3844=CARTESIAN_POINT('',(0.00240000000000003,-0.0461,0.0146));
#3845=CARTESIAN_POINT('',(-0.0018,-0.054151,0.006549));
#3846=CARTESIAN_POINT('',(-0.0018,-0.0491,0.0116));
#3847=CARTESIAN_POINT('',(-0.0018,-0.0461,0.0146));
#3848=CARTESIAN_POINT('',(-0.0024,-0.0461,0.0146));
#3849=CARTESIAN_POINT('',(-0.0024,-0.0491,0.0116));
#3850=CARTESIAN_POINT('',(0.0052,-0.0491,0.0116));
#3851=CARTESIAN_POINT('',(0.00449289321881347,-0.0498071067811865,0.0108928932188134));
#3852=CARTESIAN_POINT('',(-0.0042,-0.0498071067811865,0.0108928932188134));
#3853=CARTESIAN_POINT('',(-0.00449289321881343,-0.0498071067811865,0.0108928932188134));
#3854=CARTESIAN_POINT('',(-0.0052,-0.0491,0.0116));
#3855=CARTESIAN_POINT('',(-0.0018,-0.0476,-1.99999999999853E-6));
#3856=CARTESIAN_POINT('',(-0.0018,-0.0491,-1.99999999999853E-6));
#3857=CARTESIAN_POINT('',(-0.0018,-0.0461,-1.99999999999853E-6));
#3858=CARTESIAN_POINT('',(-0.0024,-0.0461,-1.99999999999853E-6));
#3859=CARTESIAN_POINT('',(-0.0024,-0.0491,-1.99999999999853E-6));
#3860=CARTESIAN_POINT('',(0.00180000000000003,-0.0476,-1.99999999999853E-6));
#3861=CARTESIAN_POINT('',(0.00180000000000003,-0.0461,-1.99999999999853E-6));
#3862=CARTESIAN_POINT('',(0.00180000000000003,-0.0491,-1.99999999999853E-6));
#3863=CARTESIAN_POINT('',(0.00240000000000003,-0.0461,-1.99999999999853E-6));
#3864=CARTESIAN_POINT('',(0.00240000000000003,-0.0491,-1.99999999999853E-6));
#3865=CARTESIAN_POINT('',(0.0052,-0.0491,0.0178));
#3866=CARTESIAN_POINT('',(0.0052,-0.0491,0.0101857864376269));
#3867=CARTESIAN_POINT('',(-0.0052,-0.0491,0.0178));
#3868=CARTESIAN_POINT('',(-0.0052,-0.0491,0.0101857864376269));
#3869=CARTESIAN_POINT('',(0.004202,-0.0491,0.0101857864376269));
#3870=CARTESIAN_POINT('',(-0.0341,-0.0246524840133124,-0.592393248975534));
#3871=CARTESIAN_POINT('',(-0.0295720312453064,-0.0246524840133124,-0.592393248975534));
#3872=CARTESIAN_POINT('',(0.0295720312453064,-0.0246524840133124,-0.592393248975534));
#3873=CARTESIAN_POINT('',(0.0295720312453064,-0.0236524840133124,0.0129001009733714));
#3874=CARTESIAN_POINT('',(0.0292875644688089,-0.0236524840133124,0.0133640664874457));
#3875=CARTESIAN_POINT('',(0.0289447189606309,-0.0238459823768574,0.0143866450362315));
#3876=CARTESIAN_POINT('',(0.0288360156226532,-0.0239755194623864,0.015457711945308));
#3877=CARTESIAN_POINT('',(0.0288360156226532,-0.0239755194623864,0.016));
#3878=CARTESIAN_POINT('',(0.0288360156226532,-0.0239755194623864,0.016));
#3879=CARTESIAN_POINT('',(0.0288360156226532,-0.0239755194623864,-0.592393248975534));
#3880=CARTESIAN_POINT('',(0.0341,-0.0246524840133124,-0.592393248975534));
#3881=CARTESIAN_POINT('',(0.0341,-0.0236524840133124,0.0125358983848622));
#3882=CARTESIAN_POINT('',(0.0343108046963693,-0.0236524840133124,0.0127793146812527));
#3883=CARTESIAN_POINT('',(0.0346232211390694,-0.0237671055952479,0.0133296888864093));
#3884=CARTESIAN_POINT('',(0.0350049347224334,-0.0241183767162181,0.0144975637522463));
#3885=CARTESIAN_POINT('',(0.0351,-0.0244410710557516,0.0154020332777319));
#3886=CARTESIAN_POINT('',(0.0351,-0.0246524840133124,0.016));
#3887=CARTESIAN_POINT('',(-0.0317,0.0042,0.016));
#3888=CARTESIAN_POINT('',(-0.0317,0.0054,0.016));
#3889=CARTESIAN_POINT('',(-0.0317,0.0054,0.016));
#3890=CARTESIAN_POINT('',(-0.0317,-2.29621274840128E-18,0.016));
#3891=CARTESIAN_POINT('',(-0.0317,-0.0054,0.016));
#3892=CARTESIAN_POINT('',(-0.0317,-0.0054,0.016));
#3893=CARTESIAN_POINT('',(-0.0317,-0.0042,0.016));
#3894=CARTESIAN_POINT('',(-0.0317,-0.0042,0.016));
#3895=CARTESIAN_POINT('',(-0.0317,-2.29621274840128E-18,0.016));
#3896=CARTESIAN_POINT('',(-0.0317,0.0042,0.016));
#3897=CARTESIAN_POINT('',(-0.0317,0.0042,0.016));
#3898=CARTESIAN_POINT('',(-0.0332,0.0054,0.016));
#3899=CARTESIAN_POINT('',(-0.0347,0.0054,0.016));
#3900=CARTESIAN_POINT('',(-0.0347,0.0054,0.016));
#3901=CARTESIAN_POINT('',(-0.0332,0.0054,0.016));
#3902=CARTESIAN_POINT('',(-0.0347,0.0042,0.016));
#3903=CARTESIAN_POINT('',(-0.0347,0.0042,0.016));
#3904=CARTESIAN_POINT('',(-0.0347,0.0042,0.016));
#3905=CARTESIAN_POINT('',(-0.0347,-2.29621274840128E-18,0.016));
#3906=CARTESIAN_POINT('',(-0.0347,-0.0042,0.016));
#3907=CARTESIAN_POINT('',(-0.0347,-0.0042,0.016));
#3908=CARTESIAN_POINT('',(-0.0347,-0.0054,0.016));
#3909=CARTESIAN_POINT('',(-0.0347,-0.0054,0.016));
#3910=CARTESIAN_POINT('',(-0.0347,-2.29621274840128E-18,0.016));
#3911=CARTESIAN_POINT('',(-0.004,-0.0182,0.016));
#3912=CARTESIAN_POINT('',(-0.0337717346012592,0.0042,0.016));
#3913=CARTESIAN_POINT('',(-0.0332,-0.0054,0.016));
#3914=CARTESIAN_POINT('',(-0.0332,-0.0054,0.016));
#3915=CARTESIAN_POINT('',(-0.004,-0.0182,0.016));
#3916=CARTESIAN_POINT('',(-0.0337717346012592,-0.0042,0.016));
#3917=CARTESIAN_POINT('',(-0.0337717346012592,-2.29621274840128E-18,0.016));
#3918=CARTESIAN_POINT('',(-0.0337717346012592,-2.29621274840128E-18,0.016));
#3919=CARTESIAN_POINT('',(0.0341,-0.0236524840133124,0.0125358983848622));
#3920=CARTESIAN_POINT('',(0.0336,-0.0236524840133124,0.0134019237886467));
#3921=CARTESIAN_POINT('',(0.0336,-0.0226524840133124,0.0134019237886467));
#3922=CARTESIAN_POINT('',(0.034272678468401,-0.0236524840133124,0.012735290316206));
#3923=CARTESIAN_POINT('',(0.0337241493702224,-0.0235697177356072,0.0134736014251431));
#3924=CARTESIAN_POINT('',(0.0338590177061478,-0.0226524840490276,0.013551467731016));
#3925=CARTESIAN_POINT('',(0.0345754760673064,-0.0237387224065828,0.0132236313764697));
#3926=CARTESIAN_POINT('',(0.0340904308137854,-0.0234763525492949,0.0136919891280726));
#3927=CARTESIAN_POINT('',(0.0343132140993476,-0.0228249607836194,0.0139177235351424));
#3928=CARTESIAN_POINT('',(0.0349884993400931,-0.0240827368624818,0.0143949790289418));
#3929=CARTESIAN_POINT('',(0.0348312153716079,-0.0237661555141534,0.014535171972387));
#3930=CARTESIAN_POINT('',(0.0349327490111069,-0.0235129897213902,0.0147962342700329));
#3931=CARTESIAN_POINT('',(0.0351,-0.0244271911235837,0.0153627749487063));
#3932=CARTESIAN_POINT('',(0.0350999999999971,-0.0243145446681617,0.0154424280626912));
#3933=CARTESIAN_POINT('',(0.0351,-0.0242018982338618,0.0155220812115267));
#3934=CARTESIAN_POINT('',(0.0351,-0.0246524840133124,0.016));
#3935=CARTESIAN_POINT('',(0.0351,-0.0246524840133124,0.016));
#3936=CARTESIAN_POINT('',(0.0351,-0.0246524840133124,0.016));
#3937=CARTESIAN_POINT('',(0.0341,-0.0226524840133124,0.0125358983848622));
#3938=CARTESIAN_POINT('',(0.0321,-0.0226524840133124,0.016));
#3939=CARTESIAN_POINT('',(0.0295720312453064,-0.0226524840133124,0.0129001009733714));
#3940=CARTESIAN_POINT('',(0.0302040234339797,-0.0226524840133124,0.0136750757300286));
#3941=CARTESIAN_POINT('',(0.0302040234339797,-0.0236524840133124,0.0136750757300286));
#3942=CARTESIAN_POINT('',(0.0295720312453063,-0.0236524840133124,0.0129001009733715));
#3943=CARTESIAN_POINT('',(0.0298490949275443,-0.0226524840633329,0.013964520052799));
#3944=CARTESIAN_POINT('',(0.0300060104914525,-0.0235133460554005,0.013836555292774));
#3945=CARTESIAN_POINT('',(0.0293354122443514,-0.0236524840133124,0.0132860267452386));
#3946=CARTESIAN_POINT('',(0.0293042858197722,-0.02297070192848,0.0146757313893769));
#3947=CARTESIAN_POINT('',(0.0294076234383992,-0.0234659058997525,0.0144133675904168));
#3948=CARTESIAN_POINT('',(0.0289722061645806,-0.0238115929833932,0.0142343085150817));
#3949=CARTESIAN_POINT('',(0.0291,-0.0232985548987305,0.0155416630645785));
#3950=CARTESIAN_POINT('',(0.0291000000112154,-0.0236885079334455,0.0154768895825087));
#3951=CARTESIAN_POINT('',(0.0288360156284926,-0.0239755194560377,0.0153888840861065));
#3952=CARTESIAN_POINT('',(0.0291,-0.0232985549114604,0.016));
#3953=CARTESIAN_POINT('',(0.0291,-0.0236885079407375,0.016));
#3954=CARTESIAN_POINT('',(0.0288360156226532,-0.0239755194623864,0.016));
#3955=CARTESIAN_POINT('',(0.0281,-0.0232985549114604,0.016));
#3956=CARTESIAN_POINT('',(0.0281,-0.0232985549114604,-0.592393248975534));
#3957=CARTESIAN_POINT('',(-0.0362801598673435,0.004,0.02));
#3958=CARTESIAN_POINT('',(-0.0362801598673435,0.004,0.016));
#3959=CARTESIAN_POINT('',(-0.0372741368500104,0.00410958904109589,0.016));
#3960=CARTESIAN_POINT('',(-0.0373964724786464,0.003,0.016));
#3961=CARTESIAN_POINT('',(-0.0362801598673435,0.003,0.016));
#3962=CARTESIAN_POINT('',(-0.0372741368512951,0.00410958902944407,0.0149427111105491));
#3963=CARTESIAN_POINT('',(-0.0373964724790949,0.00299999999218797,0.0152395653094192));
#3964=CARTESIAN_POINT('',(-0.0362801598685357,0.003,0.0152070333329113));
#3965=CARTESIAN_POINT('',(-0.0373872557168156,0.00321589808778544,0.0128737168815262));
#3966=CARTESIAN_POINT('',(-0.0374402664901614,0.00244644659488181,0.0137536547037279));
#3967=CARTESIAN_POINT('',(-0.0363902622314774,0.00234760559983045,0.0136552876639569));
#3968=CARTESIAN_POINT('',(-0.0375,0.00108624551458649,0.0120000000074987));
#3969=CARTESIAN_POINT('',(-0.0374999999995492,0.000821925781724181,0.0130000000060365));
#3970=CARTESIAN_POINT('',(-0.036499999999171,0.000792959225648136,0.013));
#3971=CARTESIAN_POINT('',(-0.0375,-2.53885433491918E-18,0.012));
#3972=CARTESIAN_POINT('',(-0.0375,-4.22984310983264E-18,0.013));
#3973=CARTESIAN_POINT('',(-0.0365,-4.16214032756813E-18,0.013));
#3974=CARTESIAN_POINT('',(-0.0365,-2.29621274840129E-18,0.012));
#3975=CARTESIAN_POINT('',(-0.0365,-9.23510665230851E-18,0.016));
#3976=CARTESIAN_POINT('',(-0.0365,-0.004,0.016));
#3977=CARTESIAN_POINT('',(-0.0365,-0.004,0.013));
#3978=MECHANICAL_DESIGN_GEOMETRIC_PRESENTATION_REPRESENTATION('',(#2274),
#3979);
#3979=(
GEOMETRIC_REPRESENTATION_CONTEXT(3)
GLOBAL_UNCERTAINTY_ASSIGNED_CONTEXT((#3980))
GLOBAL_UNIT_ASSIGNED_CONTEXT((#3983,#3982,#3981))
REPRESENTATION_CONTEXT('Middle Insert','TOP_LEVEL_ASSEMBLY_PART')
);
#3980=UNCERTAINTY_MEASURE_WITH_UNIT(LENGTH_MEASURE(2.E-5),#3983,
'DISTANCE_ACCURACY_VALUE','Maximum Tolerance applied to model');
#3981=(
NAMED_UNIT(*)
SI_UNIT($,.STERADIAN.)
SOLID_ANGLE_UNIT()
);
#3982=(
NAMED_UNIT(*)
PLANE_ANGLE_UNIT()
SI_UNIT($,.RADIAN.)
);
#3983=(
LENGTH_UNIT()
NAMED_UNIT(*)
SI_UNIT($,.METRE.)
);
#3984=PRODUCT_DEFINITION_SHAPE('','',#3985);
#3985=PRODUCT_DEFINITION('','',#3987,#3986);
#3986=PRODUCT_DEFINITION_CONTEXT('',#3993,'design');
#3987=PRODUCT_DEFINITION_FORMATION_WITH_SPECIFIED_SOURCE('','',#3989,
 .NOT_KNOWN.);
#3988=PRODUCT_RELATED_PRODUCT_CATEGORY('','',(#3989));
#3989=PRODUCT('Middle Insert','Middle Insert','Middle Insert',(#3991));
#3990=PRODUCT_CATEGORY('','');
#3991=PRODUCT_CONTEXT('',#3993,'mechanical');
#3992=APPLICATION_PROTOCOL_DEFINITION('international standard',
'ap242_managed_model_based_3d_engineering',2011,#3993);
#3993=APPLICATION_CONTEXT('managed model based 3d engineering');
ENDSEC;
END-ISO-10303-21;
